Driver_ID,length,Age,Gender,City,Education_Level,Income_total,Income_avg,Income_max,Income_min,Dateofjoining_year,Dateofjoining_month,Joining_Designation,Grade_max,Grade_min,Grade_first,Grade_last,Total_Business_Value_sum,Total_Business_Value_avg,Total_Business_Value_min,Total_Business_Value_max,Quarterly_Rating_max,Quarterly_Rating_min,Quarterly_Rating_first,Quarterly_Rating_last,Driver_Churn
1,3,28.0,0.0,23,2,172161,57387.0,57387,57387,2018,12,1,1,1,1,1,1715580,571860.0,-665480,2381060,2,2,2,2,1
2,2,31.0,0.0,7,2,134032,67016.0,67016,67016,2020,11,2,2,2,2,2,0,0.0,0,0,1,1,1,1,0
4,4,43.0,0.0,13,2,262412,65603.0,65603,65603,2019,12,2,2,2,2,2,350000,87500.0,0,350000,1,1,1,1,0
5,3,29.0,0.0,9,0,139104,46368.0,46368,46368,2019,1,1,1,1,1,1,120360,40120.0,0,120360,1,1,1,1,1
6,5,31.0,1.0,11,1,393640,78728.0,78728,78728,2020,7,3,3,3,3,3,1265000,253000.0,0,1265000,2,1,2,1,0
8,2,34.0,0.0,2,0,141312,70656.0,70656,70656,2020,9,3,3,3,3,3,0,0.0,0,0,1,1,1,1,1
12,5,35.0,0.0,23,2,140580,28116.0,28116,28116,2019,6,1,1,1,1,1,900000,180000.0,0,500000,4,1,1,1,1
13,20,31.0,0.0,19,2,2384540,119227.0,119227,119227,2015,5,1,4,4,4,4,9763040,488152.0,0,1719680,2,1,1,1,1
14,2,39.0,1.0,26,0,39468,19734.0,19734,19734,2020,10,3,3,3,3,3,0,0.0,0,0,1,1,1,1,0
16,1,30.0,1.0,23,0,52963,52963.0,52963,52963,2018,11,2,2,2,2,2,0,0.0,0,0,1,1,1,1,1
17,6,42.0,0.0,20,2,306594,51099.0,51099,51099,2018,3,1,1,1,1,1,1017640,169606.66666666666,0,674990,2,1,1,1,0
18,4,27.0,1.0,17,1,126524,31631.0,31631,31631,2019,1,1,1,1,1,1,0,0.0,0,0,1,1,1,1,1
20,4,26.0,1.0,19,0,161368,40342.0,40342,40342,2019,10,3,3,3,3,3,0,0.0,0,0,1,1,1,1,1
21,11,34.0,1.0,29,1,250305,22755.0,22755,22755,2018,5,1,1,1,1,1,6846200,622381.8181818182,0,3295370,4,1,1,2,1
22,12,41.0,0.0,10,2,374688,31224.0,31224,31224,2018,5,1,1,1,1,1,6207410,517284.1666666667,0,1120560,4,1,4,4,1
24,9,31.0,0.0,24,2,686772,76308.0,76308,76308,2018,5,1,2,2,2,2,3758560,417617.77777777775,97220,1103240,3,2,2,2,0
25,20,31.0,0.0,24,1,2041540,102077.0,102077,102077,2017,10,1,3,3,3,3,30067610,1503380.5,-414250,3053510,4,3,4,3,0
26,19,43.0,0.0,14,2,2397435,126180.78947368421,132577,121529,2018,5,1,4,3,3,4,56903320,2994911.5789473685,0,17651940,4,2,4,2,0
29,3,30.0,0.0,13,2,90936,30312.0,30312,30312,2018,5,1,1,1,1,1,929920,309973.3333333333,0,650990,2,1,1,2,1
30,3,31.0,0.0,6,1,208371,69457.0,69457,69457,2019,10,3,3,3,3,3,0,0.0,0,0,1,1,1,1,1
31,5,32.0,1.0,28,2,325945,65189.0,65189,65189,2020,7,3,3,3,3,3,950940,190188.0,0,950940,2,1,1,1,0
34,4,28.0,1.0,14,1,263252,65813.0,65813,65813,2020,7,2,2,2,2,2,476010,119002.5,0,285830,2,1,2,2,1
36,14,41.0,1.0,18,1,460110,32865.0,32865,32865,2019,7,2,2,2,2,2,4277730,305552.14285714284,-325140,1460000,3,1,2,1,1
37,5,33.0,1.0,14,1,286875,57375.0,57375,57375,2020,5,2,2,2,2,2,350020,70004.0,0,350020,1,1,1,1,1
38,4,22.0,0.0,27,0,53708,13427.0,13427,13427,2019,12,1,1,1,1,1,0,0.0,-155610,155610,1,1,1,1,1
39,4,32.0,0.0,26,0,291552,72888.0,72888,72888,2020,8,2,2,2,2,2,1821790,455447.5,150470,966340,3,2,3,3,0
40,3,32.0,0.0,15,0,177546,59182.0,59182,59182,2019,11,2,2,2,2,2,0,0.0,0,0,1,1,1,1,1
41,15,35.0,0.0,29,2,1385580,92372.0,92372,92372,2019,7,4,4,4,4,4,18326580,1221772.0,0,6718850,3,1,1,1,0
42,4,44.0,1.0,28,0,183952,45988.0,45988,45988,2018,10,2,2,2,2,2,994690,248672.5,0,657770,1,1,1,1,0
43,2,27.0,1.0,15,0,25812,12906.0,12906,12906,2018,7,1,1,1,1,1,359890,179945.0,0,359890,1,1,1,1,1
44,3,28.0,0.0,17,2,186300,62100.0,62100,62100,2020,9,1,1,1,1,1,150110,50036.666666666664,0,150110,1,1,1,1,1
45,6,35.0,0.0,8,2,465264,77544.0,77544,77544,2020,5,3,3,3,3,3,5227340,871223.3333333334,-58440,1521760,3,3,3,3,0
46,2,36.0,1.0,25,2,84342,42171.0,42171,42171,2018,10,1,1,1,1,1,106430,53215.0,0,106430,1,1,1,1,1
47,3,30.0,0.0,21,1,84000,28000.0,28000,28000,2020,10,1,1,1,1,1,866270,288756.6666666667,0,484060,2,2,2,2,0
49,11,22.0,0.0,20,0,583429,53039.0,53039,53039,2018,5,1,2,2,2,2,1498500,136227.27272727274,0,503500,2,1,1,1,1
50,1,49.0,1.0,5,0,89367,89367.0,89367,89367,2018,11,3,3,3,3,3,0,0.0,0,0,1,1,1,1,1
51,9,34.0,0.0,14,0,1182123,131347.0,131347,131347,2017,5,4,4,4,4,4,2447510,271945.55555555556,0,845500,2,1,2,2,1
52,6,37.0,0.0,19,0,292122,48687.0,48687,48687,2020,6,3,3,3,3,3,1852590,308765.0,0,556710,2,1,1,1,0
54,16,34.0,0.0,29,1,1946886,121680.375,127826,117993,2019,7,4,5,4,4,5,18237980,1139873.75,0,6062470,4,1,4,1,0
55,3,30.0,1.0,8,0,89955,29985.0,29985,29985,2019,11,1,1,1,1,1,0,0.0,0,0,1,1,1,1,0
56,20,36.0,1.0,19,2,1604460,80223.0,80223,80223,2018,7,1,1,1,1,1,9895170,494758.5,0,1490080,4,2,3,3,0
57,13,38.0,1.0,1,1,1096134,84318.0,84318,84318,2017,7,1,2,2,2,2,11142510,857116.1538461539,-157620,3636360,4,1,3,2,1
59,2,35.0,1.0,18,1,63288,31644.0,31644,31644,2019,1,1,1,1,1,1,134660,67330.0,0,134660,1,1,1,1,1
60,19,48.0,1.0,20,0,1605190,84483.68421052632,89592,82126,2016,9,1,4,3,3,3,42397450,2231444.736842105,250000,7799990,4,2,4,3,0
61,2,32.0,0.0,11,2,39636,19818.0,19818,19818,2018,5,1,1,1,1,1,0,0.0,0,0,1,1,1,1,1
62,1,27.0,0.0,9,2,62376,62376.0,62376,62376,2020,11,1,1,1,1,1,0,0.0,0,0,1,1,1,1,0
63,19,28.0,0.0,6,0,1784689,93931.0,93931,93931,2016,4,1,3,3,3,3,7762570,408556.3157894737,50000,1054160,3,1,2,2,0
64,4,33.0,0.0,27,2,266008,66502.0,66502,66502,2020,1,2,2,2,2,2,0,0.0,0,0,1,1,1,1,1
65,10,30.0,1.0,7,1,695390,69539.0,69539,69539,2018,7,2,2,2,2,2,6648910,664891.0,0,1553740,3,2,3,2,1
66,2,27.0,1.0,4,2,208572,104286.0,104286,104286,2020,1,3,3,3,3,3,0,0.0,0,0,1,1,1,1,0
67,21,41.0,0.0,28,2,1385622,65982.0,65982,65982,2019,1,1,2,2,2,2,11713070,557765.2380952381,0,2620440,3,1,1,3,0
68,21,32.0,0.0,29,0,1665048,79288.0,79288,79288,2015,10,1,3,3,3,3,23150140,1102387.619047619,321370,3943140,4,3,3,3,0
69,11,32.0,1.0,7,1,710644,64604.0,64604,64604,2019,11,2,2,2,2,2,4640080,421825.45454545453,0,2083060,3,1,1,2,1
70,1,35.0,0.0,20,1,19235,19235.0,19235,19235,2018,10,1,1,1,1,1,0,0.0,0,0,1,1,1,1,1
71,2,43.0,0.0,20,2,108206,54103.0,54103,54103,2018,5,3,3,3,3,3,188780,94390.0,0,188780,1,1,1,1,1
74,6,35.0,1.0,5,2,355296,59216.0,59216,59216,2020,5,2,2,2,2,2,592270,98711.66666666667,0,289800,1,1,1,1,1
75,5,25.0,1.0,18,2,199420,39884.0,39884,39884,2020,7,2,2,2,2,2,2171040,434208.0,0,1168360,2,2,2,2,1
77,21,34.0,0.0,3,2,1342278,63918.0,63918,63918,2018,5,1,2,2,2,2,15396000,733142.8571428572,0,3159380,4,2,3,3,0
78,18,37.0,0.0,21,0,1907028,105946.0,105946,105946,2018,9,2,4,4,4,4,35995650,1999758.3333333333,-1629620,9000000,4,2,4,2,0
79,1,32.0,0.0,14,1,114648,114648.0,114648,114648,2019,7,4,4,4,4,4,0,0.0,0,0,1,1,1,1,1
80,3,29.0,1.0,7,0,170061,56687.0,56687,56687,2020,10,2,2,2,2,2,153300,51100.0,0,153300,1,1,1,1,0
81,7,39.0,0.0,9,2,540239,77177.0,77177,77177,2018,6,1,2,2,2,2,2002820,286117.14285714284,0,750520,2,1,2,2,1
82,4,37.0,1.0,24,1,356052,89013.0,89013,89013,2020,4,3,3,3,3,3,0,0.0,0,0,1,1,1,1,0
83,9,34.0,0.0,23,2,1036431,115159.0,115159,115159,2019,8,3,3,3,3,3,750000,83333.33333333333,0,750000,1,1,1,1,1
84,10,42.0,0.0,16,0,259500,25950.0,25950,25950,2019,7,1,1,1,1,1,7585380,758538.0,-300000,3000000,4,1,4,2,1
85,3,25.0,0.0,22,2,148527,49509.0,49509,49509,2020,9,1,1,1,1,1,0,0.0,0,0,1,1,1,1,0
86,1,35.0,0.0,2,2,49510,49510.0,49510,49510,2018,5,1,1,1,1,1,0,0.0,0,0,1,1,1,1,1
87,10,37.0,0.0,6,1,1193410,119341.0,119341,119341,2019,8,3,3,3,3,3,22941370,2294137.0,0,11894240,4,1,1,1,0
88,4,45.0,1.0,3,0,249192,62298.0,62298,62298,2018,1,2,2,2,2,2,2424170,606042.5,0,1572150,3,1,1,3,1
89,12,28.0,0.0,2,1,707724,58977.0,58977,58977,2019,5,2,2,2,2,2,4405510,367125.8333333333,0,2883920,3,1,3,3,1
90,4,33.0,0.0,22,0,117632,29408.0,29408,29408,2019,11,2,2,2,2,2,543640,135910.0,0,407480,1,1,1,1,1
91,4,31.0,0.0,21,0,90924,22731.0,22731,22731,2019,8,2,2,2,2,2,200000,50000.0,0,200000,1,1,1,1,1
93,2,30.0,0.0,17,2,79054,39527.0,39527,39527,2018,7,2,2,2,2,2,1220120,610060.0,0,1220120,2,2,2,2,1
95,1,28.0,1.0,14,2,60874,60874.0,60874,60874,2020,1,3,3,3,3,3,0,0.0,0,0,1,1,1,1,0
96,4,35.0,0.0,12,2,259812,64953.0,64953,64953,2020,7,3,3,3,3,3,0,0.0,0,0,1,1,1,1,1
97,3,40.0,1.0,2,2,242313,80771.0,80771,80771,2020,10,3,3,3,3,3,350000,116666.66666666667,0,350000,1,1,1,1,0
98,10,25.0,0.0,16,0,591364,59136.4,63774,57977,2019,8,2,3,2,3,2,10866580,1086658.0,0,2999000,4,1,2,1,0
99,5,30.0,0.0,23,0,190340,38068.0,38068,38068,2020,3,2,2,2,2,2,0,0.0,0,0,1,1,1,1,1
101,4,33.0,0.0,10,0,155780,38945.0,38945,38945,2017,12,1,1,1,1,1,1759840,439960.0,101850,757990,2,1,1,2,0
102,3,22.0,1.0,12,0,126810,42270.0,42270,42270,2019,1,1,1,1,1,1,0,0.0,0,0,1,1,1,1,1
103,7,26.0,1.0,28,1,482391,68913.0,68913,68913,2019,11,2,2,2,2,2,544380,77768.57142857143,-150310,350310,1,1,1,1,1
104,4,30.0,1.0,23,1,241328,60332.0,60332,60332,2020,8,2,2,2,2,2,606200,151550.0,0,606200,2,1,1,2,0
105,1,38.0,0.0,4,0,67931,67931.0,67931,67931,2018,9,1,1,1,1,1,0,0.0,0,0,1,1,1,1,1
106,6,34.0,1.0,22,0,346026,57671.0,57671,57671,2016,5,1,3,3,3,3,3538020,589670.0,0,1579610,2,2,2,2,1
107,10,35.0,0.0,9,2,1021420,102142.0,102142,102142,2019,12,3,3,3,3,3,3757530,375753.0,0,1292370,2,1,1,2,1
108,4,38.0,0.0,22,2,485036,121259.0,121259,121259,2020,1,3,3,3,3,3,0,0.0,0,0,1,1,1,1,1
109,5,36.0,1.0,6,0,169635,33927.0,33927,33927,2020,4,1,1,1,1,1,1006300,201260.0,0,409100,2,1,2,1,0
110,3,32.0,1.0,16,1,97989,32663.0,32663,32663,2019,9,1,1,1,1,1,150310,50103.333333333336,0,150310,1,1,1,1,0
111,8,52.0,0.0,13,1,590152,73769.0,73769,73769,2016,12,2,3,3,3,3,1892390,236548.75,0,794250,1,1,1,1,1
112,22,46.0,0.0,29,1,1110252,50466.0,50466,50466,2018,6,1,1,1,1,1,11238160,510825.45454545453,0,1304140,4,2,3,4,0
113,5,42.0,1.0,10,0,235800,47160.0,47160,47160,2019,6,1,1,1,1,1,670440,134088.0,-296040,966480,2,1,2,2,1
114,3,32.0,1.0,19,0,268368,89456.0,89456,89456,2020,9,3,3,3,3,3,0,0.0,0,0,1,1,1,1,0
115,21,46.0,0.0,1,1,666792,31752.0,31752,31752,2015,7,1,3,3,3,3,10977370,522731.90476190473,0,2562070,3,2,2,2,0
116,8,22.0,0.0,11,0,131816,16477.0,16477,16477,2018,12,1,1,1,1,1,971420,121427.5,0,258160,2,1,1,1,1
117,17,47.0,1.0,1,1,2464626,144978.0,144978,144978,2016,1,1,5,5,5,5,27159370,1597610.0,266410,6977370,4,2,2,2,0
118,6,42.0,1.0,27,0,407424,67904.0,67904,67904,2020,3,3,3,3,3,3,150700,25116.666666666668,0,150700,1,1,1,1,0
119,2,32.0,1.0,29,1,142000,71000.0,71000,71000,2019,11,3,3,3,3,3,0,0.0,0,0,1,1,1,1,1
120,7,27.0,0.0,14,2,799806,114258.0,114258,114258,2019,9,3,3,3,3,3,0,0.0,0,0,1,1,1,1,1
121,2,33.0,1.0,13,2,117770,58885.0,58885,58885,2020,3,3,3,3,3,3,0,0.0,0,0,1,1,1,1,1
122,4,27.0,0.0,26,0,229624,57406.0,57406,57406,2020,8,2,2,2,2,2,605760,151440.0,0,398240,2,1,2,1,0
123,7,44.0,0.0,24,1,289807,41401.0,41401,41401,2018,10,1,1,1,1,1,1733370,247624.2857142857,0,1243680,2,1,2,1,1
125,5,33.0,1.0,10,2,154235,30847.0,30847,30847,2018,7,1,1,1,1,1,545790,109158.0,0,345790,2,1,2,1,1
127,1,33.0,0.0,28,1,84085,84085.0,84085,84085,2018,5,3,3,3,3,3,0,0.0,0,0,1,1,1,1,1
129,6,38.0,1.0,6,1,364248,60708.0,60708,60708,2020,7,2,2,2,2,2,436190,72698.33333333333,0,228500,1,1,1,1,0
130,5,38.0,0.0,28,1,199950,39990.0,39990,39990,2020,1,2,2,2,2,2,2696870,539374.0,0,1896870,2,1,1,1,1
131,5,38.0,1.0,19,1,395430,79086.0,79086,79086,2013,10,2,3,3,3,3,788460,157692.0,-250000,601950,2,1,1,1,0
132,2,27.0,0.0,20,2,86330,43165.0,43165,43165,2020,5,2,2,2,2,2,0,0.0,0,0,1,1,1,1,1
133,5,44.0,1.0,23,2,234290,46858.0,46858,46858,2018,7,1,1,1,1,1,873110,174622.0,0,329610,2,1,2,2,1
134,3,32.0,0.0,27,0,230712,76904.0,76904,76904,2020,10,3,3,3,3,3,190550,63516.666666666664,0,190550,1,1,1,1,0
135,3,28.0,0.0,22,0,296631,98877.0,98877,98877,2020,9,3,3,3,3,3,566960,188986.66666666666,0,337640,2,1,2,1,0
136,1,37.0,1.0,10,0,47009,47009.0,47009,47009,2018,10,1,1,1,1,1,0,0.0,0,0,1,1,1,1,1
137,7,42.0,0.0,28,0,234213,33459.0,33459,33459,2020,6,2,2,2,2,2,6570070,938581.4285714285,0,2128020,4,1,1,3,0
138,1,48.0,0.0,21,2,34827,34827.0,34827,34827,2018,1,1,1,1,1,1,0,0.0,0,0,1,1,1,1,1
139,1,31.0,0.0,14,1,51850,51850.0,51850,51850,2019,10,2,2,2,2,2,0,0.0,0,0,1,1,1,1,0
140,17,38.0,0.0,9,1,1228301,72253.0,72253,72253,2016,4,1,2,2,2,2,9535590,560917.0588235294,100220,1086230,3,2,3,3,0
141,5,35.0,0.0,22,1,329505,65901.0,65901,65901,2020,7,2,2,2,2,2,0,0.0,0,0,1,1,1,1,1
142,2,24.0,0.0,16,1,59614,29807.0,29807,29807,2018,6,1,1,1,1,1,122040,61020.0,0,122040,1,1,1,1,1
143,3,40.0,0.0,12,2,72450,24150.0,24150,24150,2018,5,1,1,1,1,1,340560,113520.0,97020,140630,1,1,1,1,1
144,2,27.0,0.0,28,2,43866,21933.0,21933,21933,2019,8,1,1,1,1,1,0,0.0,0,0,1,1,1,1,1
145,5,35.0,0.0,13,1,375560,75112.0,75112,75112,2020,2,3,3,3,3,3,1847280,369456.0,0,1847280,3,1,3,3,1
147,3,36.0,0.0,9,1,255516,85172.0,85172,85172,2019,7,2,2,2,2,2,0,0.0,0,0,1,1,1,1,1
148,1,41.0,0.0,15,0,45288,45288.0,45288,45288,2020,12,2,2,2,2,2,0,0.0,0,0,1,1,1,1,0
149,3,34.0,1.0,20,0,185739,61913.0,61913,61913,2020,4,3,3,3,3,3,0,0.0,0,0,1,1,1,1,0
150,21,39.0,0.0,17,0,609273,29013.0,29013,29013,2016,4,1,3,3,3,3,18550520,883358.0952380953,202150,1972440,4,2,3,3,0
151,3,30.0,0.0,15,0,268806,89602.0,89602,89602,2019,9,4,4,4,4,4,450170,150056.66666666666,0,300000,1,1,1,1,1
152,6,31.0,0.0,17,0,189282,31547.0,31547,31547,2018,6,1,2,2,2,2,1419720,236620.0,0,430530,2,1,1,2,1
153,8,38.0,1.0,22,1,1188704,148588.0,148588,148588,2018,10,5,5,5,5,5,1272800,159100.0,0,1156400,2,1,1,1,1
154,3,30.0,0.0,21,1,141633,47211.0,47211,47211,2020,7,1,1,1,1,1,0,0.0,0,0,1,1,1,1,1
155,2,27.0,0.0,26,1,236726,118363.0,118363,118363,2017,9,2,3,3,3,3,1602380,801190.0,434000,1168380,2,2,2,2,1
156,2,41.0,1.0,9,1,82092,41046.0,41046,41046,2018,7,1,1,1,1,1,0,0.0,0,0,1,1,1,1,0
158,2,26.0,0.0,22,1,91664,45832.0,45832,45832,2020,7,1,1,1,1,1,0,0.0,0,0,1,1,1,1,1
159,12,44.0,1.0,4,1,361452,30121.0,30121,30121,2017,7,1,1,1,1,1,6127680,510640.0,0,2197090,4,1,2,2,0
161,2,38.0,0.0,25,2,71586,35793.0,35793,35793,2018,6,1,1,1,1,1,0,0.0,0,0,1,1,1,1,1
162,2,36.0,0.0,2,1,200128,100064.0,100064,100064,2019,10,3,3,3,3,3,0,0.0,0,0,1,1,1,1,1
163,4,29.0,0.0,6,0,102924,25731.0,25731,25731,2020,5,1,1,1,1,1,0,0.0,0,0,1,1,1,1,1
164,15,37.0,1.0,26,0,1592565,106171.0,106171,106171,2019,6,1,4,4,4,4,9819740,654649.3333333334,0,2000000,3,1,1,1,1
165,1,25.0,1.0,21,2,76307,76307.0,76307,76307,2018,10,2,2,2,2,2,0,0.0,0,0,1,1,1,1,1
167,4,26.0,0.0,18,1,141132,35283.0,35283,35283,2018,3,1,1,1,1,1,1053880,263470.0,0,1053880,2,1,1,2,1
168,11,26.0,0.0,15,2,363627,33057.0,33057,33057,2019,10,2,2,2,2,2,6819160,619923.6363636364,0,1270190,4,3,3,4,0
169,9,34.0,0.0,14,2,345681,38409.0,38409,38409,2018,5,2,2,2,2,2,4491860,499095.55555555556,-582010,1394770,4,1,2,4,1
170,4,35.0,0.0,7,2,365832,91458.0,91458,91458,2019,7,3,3,3,3,3,0,0.0,0,0,2,1,1,2,1
171,7,44.0,1.0,23,1,393694,56242.0,56242,56242,2018,8,2,2,2,2,2,3466180,495168.5714285714,0,2564590,3,1,3,1,1
172,3,41.0,1.0,6,2,304185,101395.0,101395,101395,2017,11,2,3,3,3,3,2574740,858246.6666666666,0,1464980,4,2,2,4,0
173,15,39.0,0.0,28,0,842610,56174.0,56174,56174,2014,6,1,3,3,3,3,13385710,892380.6666666666,300000,2134290,4,2,2,3,0
174,5,39.0,1.0,21,1,110325,22065.0,22065,22065,2018,7,1,1,1,1,1,2970500,594100.0,0,1567420,3,1,1,1,1
175,4,31.0,0.0,13,0,111556,27889.0,27889,27889,2018,9,1,1,1,1,1,-273920,-68480.0,-273920,0,1,1,1,1,1
176,4,34.0,0.0,15,0,85104,21276.0,21276,21276,2020,5,1,1,1,1,1,0,0.0,0,0,1,1,1,1,1
177,6,31.0,0.0,4,1,258318,43053.0,43053,43053,2018,12,1,1,1,1,1,600000,100000.0,0,600000,1,1,1,1,1
178,8,23.0,1.0,7,0,293096,36637.0,36637,36637,2018,9,2,2,2,2,2,441960,55245.0,-109200,199000,1,1,1,1,1
179,5,26.0,1.0,11,2,122450,24490.0,24490,24490,2018,5,1,1,1,1,1,1616780,323356.0,0,823030,2,1,2,2,1
180,9,34.0,0.0,29,1,861246,95694.0,95694,95694,2018,6,2,4,4,4,4,0,0.0,0,0,1,1,1,1,1
181,2,30.0,1.0,17,2,53852,26926.0,26926,26926,2020,11,3,3,3,3,3,0,0.0,0,0,1,1,1,1,0
182,4,32.0,0.0,22,2,103328,25832.0,25832,25832,2020,1,1,1,1,1,1,866320,216580.0,0,679020,2,1,1,2,1
183,6,26.0,1.0,23,2,259578,43263.0,43263,43263,2019,11,1,1,1,1,1,903800,150633.33333333334,0,610420,1,1,1,1,1
184,4,34.0,1.0,21,2,248796,62199.0,62199,62199,2020,4,2,2,2,2,2,903160,225790.0,0,903160,2,1,2,2,1
185,7,29.0,0.0,1,0,574840,82120.0,82120,82120,2016,11,1,3,3,3,3,1795530,256504.2857142857,0,500000,2,1,1,2,1
187,4,34.0,0.0,26,1,83688,20922.0,20922,20922,2019,11,2,2,2,2,2,0,0.0,0,0,1,1,1,1,1
188,12,34.0,0.0,12,0,437796,36483.0,36483,36483,2019,11,2,2,2,2,2,2363160,196930.0,0,450000,2,1,2,1,0
190,8,36.0,1.0,1,0,864408,108051.0,108051,108051,2018,11,4,4,4,4,4,121980,15247.5,0,121980,1,1,1,1,0
191,10,27.0,1.0,11,2,633800,63380.0,63380,63380,2019,12,3,3,3,3,3,9081220,908122.0,0,4165680,4,1,3,2,0
192,7,37.0,1.0,9,1,468664,66952.0,66952,66952,2020,4,3,3,3,3,3,2412240,344605.71428571426,0,742520,2,1,2,1,0
193,13,47.0,0.0,26,2,768092,59084.0,59084,59084,2018,5,1,2,2,2,2,7343200,564861.5384615385,150380,1602730,4,1,3,3,1
194,3,30.0,0.0,8,0,162222,54074.0,54074,54074,2020,6,2,2,2,2,2,2000000,666666.6666666666,0,2000000,3,3,3,3,0
195,1,27.0,0.0,18,0,19419,19419.0,19419,19419,2020,9,1,1,1,1,1,0,0.0,0,0,1,1,1,1,0
196,5,44.0,0.0,14,1,375005,75001.0,75001,75001,2020,5,3,3,3,3,3,150720,30144.0,0,150720,2,1,1,2,1
197,8,41.0,0.0,25,1,756752,94594.0,94594,94594,2013,10,2,3,3,3,3,1985150,248143.75,0,1035800,1,1,1,1,1
199,19,30.0,0.0,14,0,1670138,87902.0,87902,87902,2016,12,1,3,3,3,3,19809150,1042586.8421052631,0,3095380,4,2,3,4,0
200,5,46.0,0.0,8,1,333535,66707.0,66707,66707,2019,11,3,3,3,3,3,0,0.0,0,0,1,1,1,1,1
201,3,38.0,1.0,5,0,126780,42260.0,42260,42260,2019,5,3,3,3,3,3,0,0.0,0,0,1,1,1,1,0
203,12,34.0,1.0,4,2,1016556,84713.0,84713,84713,2019,7,3,3,3,3,3,2150000,179166.66666666666,0,1400000,3,1,1,1,1
204,3,31.0,1.0,14,0,204453,68151.0,68151,68151,2017,12,1,2,2,2,2,108590,36196.666666666664,0,108590,1,1,1,1,1
205,1,39.0,0.0,12,0,15826,15826.0,15826,15826,2020,12,1,1,1,1,1,0,0.0,0,0,1,1,1,1,0
206,3,26.0,1.0,10,0,38904,12968.0,12968,12968,2020,9,1,1,1,1,1,0,0.0,0,0,1,1,1,1,0
207,3,32.0,0.0,29,0,185682,61894.0,61894,61894,2018,5,3,3,3,3,3,1144890,381630.0,0,644890,2,1,1,2,1
208,4,31.0,0.0,16,2,126628,31657.0,31657,31657,2019,1,1,1,1,1,1,376780,94195.0,0,135870,1,1,1,1,1
210,7,38.0,0.0,29,2,452081,64583.0,64583,64583,2020,5,3,3,3,3,3,439600,62800.0,0,250240,1,1,1,1,0
211,2,34.0,1.0,6,2,163460,81730.0,81730,81730,2020,6,3,3,3,3,3,0,0.0,0,0,1,1,1,1,1
213,18,37.0,0.0,24,0,1079046,59947.0,59947,59947,2018,9,2,2,2,2,2,7611540,422863.3333333333,0,2117120,3,1,2,1,0
215,10,26.0,1.0,15,1,173070,17307.0,17307,17307,2019,7,1,1,1,1,1,1742410,174241.0,0,421960,3,1,1,1,1
216,10,30.0,0.0,20,1,863400,86340.0,86340,86340,2019,7,2,2,2,2,2,3348040,334804.0,0,885000,3,1,2,3,1
217,5,32.0,0.0,10,1,136640,27328.0,27328,27328,2016,5,1,2,2,2,2,5731940,1146388.0,0,5401260,4,1,4,1,1
218,3,25.0,0.0,21,0,83937,27979.0,27979,27979,2020,7,1,1,1,1,1,582860,194286.66666666666,0,442580,2,1,2,2,0
219,10,36.0,0.0,5,0,516570,51657.0,51657,51657,2018,5,2,2,2,2,2,2187680,218768.0,0,1018650,2,1,1,1,1
220,9,38.0,1.0,18,1,967851,107539.0,107539,107539,2013,11,2,3,3,3,3,2645460,293940.0,0,802800,2,1,1,2,1
221,1,31.0,0.0,3,0,13051,13051.0,13051,13051,2018,12,1,1,1,1,1,0,0.0,0,0,1,1,1,1,1
222,2,26.0,0.0,2,0,185506,92753.0,92753,92753,2019,9,3,3,3,3,3,0,0.0,0,0,1,1,1,1,1
223,3,25.0,0.0,20,0,177324,59108.0,59108,59108,2018,8,2,2,2,2,2,659910,219970.0,0,361970,2,1,2,1,1
225,5,32.0,1.0,14,0,223960,44792.0,44792,44792,2020,7,3,3,3,3,3,1236830,247366.0,0,590630,3,1,1,3,0
226,5,36.0,1.0,18,1,277640,55528.0,55528,55528,2019,11,2,2,2,2,2,967760,193552.0,0,523840,1,1,1,1,1
227,7,45.0,1.0,29,2,433384,61912.0,61912,61912,2020,5,3,3,3,3,3,6887950,983992.8571428572,0,2760000,4,1,3,3,1
228,11,45.0,0.0,6,2,587235,53385.0,53385,53385,2016,7,1,1,1,1,1,7208950,655359.0909090909,0,1713080,4,1,4,3,1
229,8,43.0,0.0,28,0,839960,104995.0,104995,104995,2019,8,4,4,4,4,4,11947410,1493426.25,600000,5237050,2,1,2,2,1
230,7,34.0,0.0,25,0,310513,44359.0,44359,44359,2018,10,2,2,2,2,2,3294460,470637.14285714284,0,1194770,3,1,2,3,1
231,1,32.0,0.0,5,1,21354,21354.0,21354,21354,2018,10,1,1,1,1,1,0,0.0,0,0,1,1,1,1,1
232,1,34.0,0.0,15,2,23185,23185.0,23185,23185,2018,7,1,1,1,1,1,0,0.0,0,0,1,1,1,1,1
233,4,36.0,1.0,27,1,556556,139139.0,139139,139139,2020,6,3,3,3,3,3,0,0.0,0,0,1,1,1,1,0
234,10,27.0,1.0,23,1,526160,52616.0,52616,52616,2020,1,2,2,2,2,2,2595630,259563.0,0,510980,2,1,1,2,0
235,1,39.0,1.0,16,0,37873,37873.0,37873,37873,2018,10,1,1,1,1,1,0,0.0,0,0,1,1,1,1,0
237,3,33.0,0.0,10,0,226878,75626.0,75626,75626,2020,9,3,3,3,3,3,181070,60356.666666666664,0,181070,1,1,1,1,0
238,5,32.0,0.0,20,0,200840,40168.0,40168,40168,2020,1,2,2,2,2,2,301130,60226.0,0,301130,1,1,1,1,1
241,1,24.0,0.0,1,0,33901,33901.0,33901,33901,2018,11,1,1,1,1,1,0,0.0,0,0,1,1,1,1,1
242,2,28.0,0.0,21,0,22472,11236.0,11236,11236,2019,11,1,1,1,1,1,0,0.0,0,0,1,1,1,1,1
243,4,26.0,0.0,4,2,240912,60228.0,60228,60228,2020,8,3,3,3,3,3,483150,120787.5,0,250550,1,1,1,1,0
244,8,40.0,0.0,20,2,298768,37346.0,37346,37346,2018,5,1,2,2,2,2,1684340,210542.5,0,400650,2,1,2,2,1
245,2,38.0,0.0,23,2,155806,77903.0,77903,77903,2020,9,2,2,2,2,2,0,0.0,0,0,1,1,1,1,1
246,7,42.0,0.0,10,1,448896,64128.0,64128,64128,2016,12,1,2,2,2,2,2278190,325455.71428571426,0,603260,2,1,2,1,1
247,3,39.0,1.0,4,0,81882,27294.0,27294,27294,2020,6,2,2,2,2,2,0,0.0,0,0,2,1,1,1,1
252,20,37.0,0.0,24,2,1634000,81700.0,81700,81700,2018,6,1,3,3,3,3,26002510,1300125.5,350350,6250870,4,2,3,3,0
256,1,21.0,0.0,10,0,25172,25172.0,25172,25172,2018,10,1,1,1,1,1,0,0.0,0,0,1,1,1,1,1
257,2,30.0,0.0,29,1,63310,31655.0,31655,31655,2019,12,3,3,3,3,3,0,0.0,0,0,1,1,1,1,0
258,7,29.0,0.0,13,0,178213,25459.0,25459,25459,2020,5,1,1,1,1,1,2082780,297540.0,0,451500,3,1,1,2,0
260,1,29.0,0.0,24,1,47864,47864.0,47864,47864,2019,10,1,1,1,1,1,0,0.0,0,0,1,1,1,1,0
261,12,42.0,1.0,20,2,1091856,90988.0,90988,90988,2018,7,3,3,3,3,3,5666700,472225.0,0,1220670,3,1,3,1,0
262,5,28.0,1.0,2,1,124310,24862.0,24862,24862,2019,1,2,2,2,2,2,200000,40000.0,0,200000,2,1,1,1,1
263,3,24.0,0.0,6,0,57510,19170.0,19170,19170,2020,10,1,1,1,1,1,289500,96500.0,0,289500,1,1,1,1,0
264,1,25.0,0.0,11,2,49439,49439.0,49439,49439,2020,12,1,1,1,1,1,0,0.0,0,0,1,1,1,1,1
265,6,34.0,0.0,3,1,242286,40381.0,40381,40381,2020,5,1,1,1,1,1,1506660,251110.0,0,501880,2,1,2,2,0
266,6,43.0,0.0,16,1,240612,40102.0,40102,40102,2017,10,1,2,2,2,2,2558650,426441.6666666667,0,1347430,2,1,1,2,1
267,6,36.0,0.0,5,0,535200,89200.0,89200,89200,2019,10,3,3,3,3,3,449680,74946.66666666667,0,449680,2,1,1,1,0
268,11,31.0,1.0,6,1,597872,54352.0,54352,54352,2019,6,1,1,1,1,1,2555640,232330.9090909091,0,454120,3,1,1,3,1
270,4,36.0,0.0,11,1,305344,76336.0,76336,76336,2020,5,3,3,3,3,3,260000,65000.0,0,260000,1,1,1,1,1
271,4,38.0,0.0,29,2,538116,134529.0,134529,134529,2020,5,4,4,4,4,4,8909320,2227330.0,0,5982410,4,3,4,4,0
272,13,37.0,0.0,5,1,843713,64901.0,64901,64901,2019,5,2,2,2,2,2,5962030,458617.6923076923,0,1150370,3,2,2,3,0
273,1,29.0,0.0,16,1,40259,40259.0,40259,40259,2020,8,1,1,1,1,1,272850,272850.0,272850,272850,1,1,1,1,0
274,1,39.0,0.0,7,1,53224,53224.0,53224,53224,2020,12,2,2,2,2,2,0,0.0,0,0,1,1,1,1,0
275,17,41.0,0.0,20,0,1539414,90553.76470588235,97226,89124,2016,5,1,4,3,3,3,27122130,1595419.4117647058,330280,7226620,4,1,3,4,0
276,4,30.0,1.0,23,1,429980,107495.0,107495,107495,2020,6,3,3,3,3,3,815640,203910.0,0,433680,2,1,1,2,0
278,3,34.0,0.0,2,0,156573,52191.0,52191,52191,2016,10,1,1,1,1,1,529010,176336.66666666666,0,326220,1,1,1,1,1
279,5,29.0,1.0,2,0,209000,41800.0,41800,41800,2019,11,1,1,1,1,1,1737330,347466.0,0,1098330,2,1,2,1,1
280,9,34.0,1.0,6,2,972117,108013.0,108013,108013,2013,10,4,4,4,4,4,3360060,373340.0,0,1000000,2,1,2,1,1
281,3,43.0,1.0,20,1,235821,78607.0,78607,78607,2020,10,3,3,3,3,3,246810,82270.0,0,246810,1,1,1,1,0
282,3,29.0,1.0,21,0,172017,57339.0,57339,57339,2020,8,2,2,2,2,2,0,0.0,0,0,1,1,1,1,1
283,2,27.0,1.0,29,2,114840,57420.0,57420,57420,2020,11,2,2,2,2,2,0,0.0,0,0,1,1,1,1,0
286,4,30.0,1.0,24,1,283124,70781.0,70781,70781,2020,7,2,2,2,2,2,0,0.0,0,0,1,1,1,1,1
287,4,30.0,1.0,7,0,54420,13605.0,13605,13605,2020,5,1,1,1,1,1,0,0.0,0,0,1,1,1,1,1
288,1,41.0,1.0,17,0,62901,62901.0,62901,62901,2020,12,2,2,2,2,2,0,0.0,0,0,1,1,1,1,0
289,6,29.0,0.0,3,0,306660,51110.0,51110,51110,2020,7,2,2,2,2,2,0,0.0,0,0,1,1,1,1,0
290,4,25.0,1.0,5,1,267368,66842.0,66842,66842,2019,7,1,1,1,1,1,0,0.0,0,0,1,1,1,1,1
291,4,27.0,1.0,20,2,198780,49695.0,49695,49695,2018,2,2,2,2,2,2,793960,198490.0,0,491420,2,1,1,1,1
292,2,33.0,1.0,29,2,163716,81858.0,81858,81858,2020,7,3,3,3,3,3,0,0.0,0,0,1,1,1,1,1
293,3,28.0,1.0,11,1,137943,45981.0,45981,45981,2016,12,1,1,1,1,1,373410,124470.0,0,213340,1,1,1,1,1
294,1,36.0,0.0,21,0,13793,13793.0,13793,13793,2020,10,1,1,1,1,1,0,0.0,0,0,1,1,1,1,0
295,5,29.0,1.0,8,0,179915,35983.0,35983,35983,2019,1,2,2,2,2,2,225690,45138.0,0,114840,1,1,1,1,1
296,18,32.0,1.0,20,1,1171692,65094.0,65094,65094,2018,6,1,2,2,2,2,18375620,1020867.7777777778,0,3061290,4,2,2,4,0
297,1,38.0,0.0,8,2,109473,109473.0,109473,109473,2020,12,3,3,3,3,3,0,0.0,0,0,1,1,1,1,0
298,5,39.0,0.0,20,0,353765,70753.0,70753,70753,2019,9,3,3,3,3,3,680530,136106.0,0,315840,1,1,1,1,1
299,3,36.0,1.0,28,0,77553,25851.0,25851,25851,2019,8,1,1,1,1,1,0,0.0,0,0,1,1,1,1,1
303,4,42.0,0.0,28,1,314580,78645.0,78645,78645,2015,10,1,2,2,2,2,0,0.0,0,0,1,1,1,1,1
305,1,24.0,0.0,9,0,20176,20176.0,20176,20176,2018,8,1,1,1,1,1,0,0.0,0,0,1,1,1,1,1
306,1,31.0,1.0,4,0,53025,53025.0,53025,53025,2020,11,2,2,2,2,2,0,0.0,0,0,1,1,1,1,0
307,17,39.0,0.0,26,0,1381903,81288.41176470589,88207,80856,2018,10,2,4,3,3,3,51311300,3018311.7647058824,0,16079420,4,1,4,4,1
308,18,32.0,0.0,5,2,3391524,188418.0,188418,188418,2014,8,2,5,5,5,5,45218040,2512113.3333333335,300000,15993610,4,2,3,2,0
309,1,30.0,1.0,5,1,77597,77597.0,77597,77597,2020,12,3,3,3,3,3,0,0.0,0,0,1,1,1,1,0
310,1,27.0,1.0,3,2,58439,58439.0,58439,58439,2020,12,1,1,1,1,1,0,0.0,0,0,1,1,1,1,0
312,5,34.0,0.0,16,0,130235,26047.0,26047,26047,2020,3,2,2,2,2,2,0,0.0,0,0,1,1,1,1,1
313,5,31.0,1.0,15,0,483015,96603.0,96603,96603,2020,4,3,3,3,3,3,150050,30010.0,0,150050,1,1,1,1,1
315,2,29.0,1.0,9,2,100562,50281.0,50281,50281,2020,9,3,3,3,3,3,0,0.0,0,0,1,1,1,1,1
316,2,47.0,0.0,12,2,85184,42592.0,42592,42592,2018,9,1,1,1,1,1,250000,125000.0,0,250000,1,1,1,1,1
317,10,35.0,0.0,5,1,599360,59936.0,59936,59936,2019,6,2,2,2,2,2,2096840,209684.0,-50000,450000,2,1,2,2,1
318,4,33.0,1.0,3,1,151560,37890.0,37890,37890,2019,10,1,1,1,1,1,0,0.0,0,0,1,1,1,1,1
319,2,30.0,0.0,27,2,103638,51819.0,51819,51819,2020,1,3,3,3,3,3,0,0.0,0,0,1,1,1,1,1
320,21,28.0,1.0,20,0,1224638,58316.09523809524,63126,56813,2018,7,1,2,1,1,1,23181280,1103870.4761904762,100050,3800670,4,4,4,4,0
321,6,27.0,1.0,25,1,179214,29869.0,29869,29869,2019,10,1,1,1,1,1,242500,40416.666666666664,0,242500,1,1,1,1,1
322,6,41.0,1.0,6,0,343470,57245.0,57245,57245,2019,6,2,2,2,2,2,400000,66666.66666666667,0,200000,1,1,1,1,1
323,9,30.0,1.0,29,2,581022,64558.0,64558,64558,2020,1,2,2,2,2,2,1998190,222021.11111111112,0,506920,2,1,2,1,0
324,4,31.0,0.0,26,1,276640,69160.0,69160,69160,2020,7,3,3,3,3,3,1200000,300000.0,0,1200000,3,3,3,3,0
325,8,26.0,0.0,15,2,405912,50739.0,50739,50739,2018,11,1,1,1,1,1,109020,13627.5,0,109020,1,1,1,1,1
326,3,24.0,0.0,28,2,208362,69454.0,69454,69454,2020,4,2,2,2,2,2,194000,64666.666666666664,0,194000,1,1,1,1,0
327,3,38.0,0.0,3,1,79974,26658.0,26658,26658,2018,5,1,1,1,1,1,841620,280540.0,0,432800,2,1,2,1,1
328,7,35.0,1.0,28,1,383712,54816.0,54816,54816,2018,12,3,3,3,3,3,200000,28571.428571428572,0,200000,1,1,1,1,1
329,19,44.0,1.0,11,1,2541288,133752.0,133752,133752,2015,7,1,3,3,3,3,12657520,666185.2631578947,0,2553590,3,1,2,2,0
330,2,39.0,1.0,15,1,71388,35694.0,35694,35694,2018,9,1,1,1,1,1,0,0.0,0,0,1,1,1,1,1
331,2,35.0,0.0,25,2,142308,71154.0,71154,71154,2020,9,3,3,3,3,3,0,0.0,0,0,1,1,1,1,0
332,2,29.0,0.0,24,2,102304,51152.0,51152,51152,2019,2,1,1,1,1,1,134360,67180.0,0,134360,1,1,1,1,1
333,5,44.0,1.0,6,1,228980,45796.0,45796,45796,2018,9,1,1,1,1,1,1296960,259392.0,0,445000,2,1,2,2,1
334,3,29.0,1.0,9,0,176436,58812.0,58812,58812,2019,1,2,2,2,2,2,203260,67753.33333333333,0,102070,1,1,1,1,0
335,1,41.0,1.0,11,2,94685,94685.0,94685,94685,2020,11,3,3,3,3,3,0,0.0,0,0,1,1,1,1,0
336,15,47.0,0.0,10,2,2111535,140769.0,140769,140769,2018,2,2,4,4,4,4,6014460,400964.0,0,960350,2,1,2,1,1
337,3,45.0,1.0,8,2,186405,62135.0,62135,62135,2018,9,2,2,2,2,2,0,0.0,0,0,1,1,1,1,1
339,11,32.0,0.0,17,1,615307,55937.0,55937,55937,2019,6,3,3,3,3,3,1827320,166120.0,0,770000,2,1,1,2,1
341,11,40.0,0.0,11,1,545512,49592.0,49592,49592,2019,12,2,2,2,2,2,2849590,259053.63636363635,0,804560,3,1,2,1,0
342,8,45.0,0.0,18,2,664672,83084.0,83084,83084,2018,7,3,3,3,3,3,5741190,717648.75,217920,1673330,2,2,2,2,0
343,4,24.0,0.0,4,1,106252,26563.0,26563,26563,2020,1,1,1,1,1,1,150440,37610.0,0,150440,1,1,1,1,0
344,1,28.0,0.0,2,1,55938,55938.0,55938,55938,2020,2,3,3,3,3,3,0,0.0,0,0,1,1,1,1,0
345,5,35.0,1.0,27,1,176420,35284.0,35284,35284,2020,7,2,2,2,2,2,834890,166978.0,0,367780,2,1,2,2,0
346,2,30.0,1.0,2,1,184316,92158.0,92158,92158,2019,12,3,3,3,3,3,913080,456540.0,291240,621840,1,1,1,1,0
347,2,36.0,1.0,15,0,114088,57044.0,57044,57044,2018,1,2,3,3,3,3,0,0.0,0,0,1,1,1,1,1
348,4,28.0,1.0,13,1,285304,71326.0,71326,71326,2020,9,2,2,2,2,2,0,0.0,0,0,1,1,1,1,0
349,6,33.0,0.0,26,2,337902,56317.0,56317,56317,2019,5,2,2,2,2,2,116400,19400.0,0,116400,1,1,1,1,1
350,2,33.0,0.0,10,2,110882,55441.0,55441,55441,2018,12,2,2,2,2,2,0,0.0,0,0,1,1,1,1,1
351,9,30.0,0.0,9,1,455481,50609.0,50609,50609,2019,12,2,2,2,2,2,3926790,436310.0,0,1078510,4,1,1,3,0
352,4,43.0,0.0,24,0,158256,39564.0,39564,39564,2019,2,1,1,1,1,1,632080,158020.0,0,516420,1,1,1,1,0
353,20,31.0,1.0,18,2,662680,33134.0,33134,33134,2018,7,1,1,1,1,1,12458890,622944.5,0,2981510,4,1,1,4,0
354,3,31.0,1.0,11,0,181665,60555.0,60555,60555,2018,11,1,1,1,1,1,0,0.0,0,0,1,1,1,1,1
355,7,34.0,0.0,22,2,951153,135879.0,135879,135879,2018,6,3,3,3,3,3,46640,6662.857142857143,-1850000,1131740,2,1,2,1,1
357,10,35.0,0.0,2,0,1276160,127616.0,127616,127616,2020,3,4,4,4,4,4,13191530,1319153.0,0,3070030,3,2,2,2,0
358,11,40.0,1.0,26,2,1296130,117830.0,117830,117830,2019,10,3,3,3,3,3,2788700,253518.18181818182,0,931300,3,1,1,1,0
359,14,37.0,0.0,4,2,1504622,107473.0,107473,107473,2019,6,2,4,4,4,4,23688030,1692002.142857143,0,4000000,3,1,3,2,0
360,1,39.0,1.0,20,1,58347,58347.0,58347,58347,2018,10,2,2,2,2,2,313450,313450.0,313450,313450,1,1,1,1,0
361,2,33.0,0.0,21,0,27486,13743.0,13743,13743,2018,9,1,1,1,1,1,333120,166560.0,109230,223890,1,1,1,1,0
362,8,38.0,1.0,20,2,412872,51609.0,51609,51609,2020,5,2,2,2,2,2,3912140,489017.5,0,1498780,4,1,4,2,0
363,6,30.0,0.0,21,2,405900,67650.0,67650,67650,2019,12,2,2,2,2,2,1002530,167088.33333333334,0,659360,1,1,1,1,1
364,4,27.0,0.0,13,2,142908,35727.0,35727,35727,2020,3,1,1,1,1,1,456170,114042.5,0,305120,2,1,2,2,0
365,2,24.0,1.0,22,0,89480,44740.0,44740,44740,2020,2,2,2,2,2,2,0,0.0,0,0,1,1,1,1,1
366,2,29.0,0.0,15,2,89260,44630.0,44630,44630,2020,10,2,2,2,2,2,0,0.0,0,0,1,1,1,1,0
368,17,45.0,0.0,23,1,804607,47329.82352941176,51911,46719,2018,9,1,2,1,1,1,22652950,1332526.4705882352,0,2678110,4,2,4,4,0
369,1,32.0,0.0,20,0,28186,28186.0,28186,28186,2020,9,1,1,1,1,1,0,0.0,0,0,1,1,1,1,0
371,17,48.0,1.0,20,1,834921,49113.0,49113,49113,2018,7,1,1,1,1,1,8750110,514712.35294117645,-436340,1690170,4,2,3,3,0
372,5,33.0,1.0,26,0,411295,82259.0,82259,82259,2019,6,2,2,2,2,2,196560,39312.0,0,196560,1,1,1,1,1
373,6,30.0,1.0,23,2,231414,38569.0,38569,38569,2019,11,1,1,1,1,1,4526790,754465.0,0,1949240,4,1,1,4,1
375,7,36.0,0.0,27,0,769944,109992.0,109992,109992,2020,4,3,3,3,3,3,3045150,435021.4285714286,0,938340,2,2,2,2,0
376,3,38.0,0.0,5,2,266145,88715.0,88715,88715,2020,8,2,2,2,2,2,1173700,391233.3333333333,0,847890,3,1,3,1,0
377,16,35.0,0.0,5,0,1941312,121332.0,121332,121332,2015,10,1,3,3,3,3,11203190,700199.375,150750,2946700,3,2,3,3,0
378,1,33.0,0.0,9,2,35057,35057.0,35057,35057,2020,12,3,3,3,3,3,0,0.0,0,0,1,1,1,1,0
379,9,31.0,0.0,13,2,261954,29106.0,29106,29106,2018,5,1,1,1,1,1,2109270,234363.33333333334,0,724180,3,1,3,2,1
382,3,28.0,0.0,18,0,38814,12938.0,12938,12938,2020,10,1,1,1,1,1,0,0.0,0,0,1,1,1,1,0
383,13,41.0,1.0,17,0,571597,43969.0,43969,43969,2018,9,1,1,1,1,1,4647280,357483.07692307694,0,1182440,3,1,1,3,0
384,6,26.0,1.0,27,1,314184,52364.0,52364,52364,2018,10,2,2,2,2,2,1709240,284873.3333333333,0,742270,2,1,2,1,1
385,2,35.0,1.0,28,2,154312,77156.0,77156,77156,2020,9,3,3,3,3,3,481760,240880.0,151210,330550,2,2,2,2,0
386,5,45.0,1.0,18,1,685410,137082.0,137082,137082,2015,2,2,4,4,4,4,2310560,462112.0,122770,864020,2,1,1,2,1
387,3,29.0,1.0,22,2,135735,45245.0,45245,45245,2016,11,1,1,1,1,1,265760,88586.66666666667,0,265760,1,1,1,1,1
388,11,34.0,0.0,15,1,479721,43611.0,43611,43611,2019,12,2,2,2,2,2,2869020,260820.0,0,1550840,2,1,2,2,0
389,4,30.0,1.0,15,2,183692,45923.0,45923,45923,2019,5,2,2,2,2,2,200000,50000.0,-200000,400000,1,1,1,1,1
390,2,32.0,1.0,22,2,140856,70428.0,70428,70428,2018,10,1,1,1,1,1,0,0.0,0,0,1,1,1,1,1
391,18,37.0,0.0,22,1,2408094,133783.0,133783,133783,2016,1,1,3,3,3,3,14071790,781766.1111111111,100520,1965720,3,2,3,2,0
392,2,35.0,1.0,20,1,169700,84850.0,84850,84850,2020,1,3,3,3,3,3,0,0.0,0,0,1,1,1,1,1
394,19,34.0,1.0,20,2,1856718,97722.0,97722,97722,2014,6,2,4,4,4,4,24640380,1296862.105263158,150390,4687690,3,1,2,3,0
397,6,28.0,0.0,12,2,439164,73194.0,73194,73194,2019,6,2,2,2,2,2,1231540,205256.66666666666,0,826060,2,1,2,1,1
398,1,30.0,0.0,5,2,63280,63280.0,63280,63280,2020,12,2,2,2,2,2,0,0.0,0,0,1,1,1,1,0
399,3,31.0,0.0,5,2,121812,40604.0,40604,40604,2018,10,1,1,1,1,1,762240,254080.0,0,645580,2,1,1,2,1
400,10,35.0,0.0,19,0,657290,65729.0,65729,65729,2019,10,2,2,2,2,2,6939930,693993.0,80000,2157570,4,2,2,2,0
401,2,38.0,1.0,23,0,152138,76069.0,76069,76069,2018,6,2,2,2,2,2,250000,125000.0,0,250000,1,1,1,1,0
402,18,46.0,0.0,24,2,1643022,91279.0,91279,91279,2015,11,1,3,3,3,3,21250600,1180588.888888889,150090,4023690,4,2,4,4,0
403,3,29.0,0.0,15,2,72147,24049.0,24049,24049,2020,10,2,2,2,2,2,0,0.0,0,0,1,1,1,1,0
404,8,36.0,0.0,1,0,332424,41553.0,41553,41553,2018,10,2,2,2,2,2,3217440,402180.0,101500,1251860,2,2,2,2,1
405,11,34.0,0.0,14,2,275308,25028.0,25028,25028,2019,6,1,1,1,1,1,3256540,296049.0909090909,0,970110,2,1,2,2,1
406,4,43.0,0.0,12,2,154500,38625.0,38625,38625,2018,8,1,1,1,1,1,0,0.0,0,0,1,1,1,1,1
407,17,41.0,1.0,13,1,989519,58207.0,58207,58207,2016,5,1,2,2,2,2,9706960,570997.6470588235,150450,1219720,4,2,2,2,0
409,5,29.0,0.0,1,0,166600,33320.0,33320,33320,2020,7,2,2,2,2,2,0,0.0,0,0,1,1,1,1,0
410,4,39.0,0.0,24,1,228900,57225.0,57225,57225,2018,8,2,2,2,2,2,609830,152457.5,0,291010,1,1,1,1,1
411,3,28.0,1.0,1,1,157716,52572.0,52572,52572,2018,2,1,1,1,1,1,184650,61550.0,0,136510,1,1,1,1,1
412,2,29.0,0.0,16,2,112486,56243.0,56243,56243,2020,11,2,2,2,2,2,0,0.0,0,0,1,1,1,1,0
414,13,33.0,1.0,25,0,1262989,97153.0,97153,97153,2018,1,2,3,3,3,3,6147310,472870.0,0,902070,2,2,2,2,1
415,3,36.0,1.0,13,0,184725,61575.0,61575,61575,2020,9,2,2,2,2,2,1754320,584773.3333333334,0,943310,3,3,3,3,0
416,6,35.0,1.0,27,0,555354,92559.0,92559,92559,2019,7,3,3,3,3,3,0,0.0,-990000,500000,1,1,1,1,1
417,2,28.0,1.0,23,1,84054,42027.0,42027,42027,2020,11,2,2,2,2,2,0,0.0,0,0,1,1,1,1,0
418,8,31.0,0.0,15,1,592408,74051.0,74051,74051,2015,7,1,2,2,2,2,2478980,309872.5,0,981120,2,1,2,2,1
419,2,26.0,0.0,13,2,76780,38390.0,38390,38390,2018,10,1,1,1,1,1,0,0.0,0,0,1,1,1,1,1
420,1,39.0,0.0,18,2,80489,80489.0,80489,80489,2020,10,3,3,3,3,3,0,0.0,0,0,1,1,1,1,0
421,9,41.0,0.0,4,2,838017,93113.0,93113,93113,2015,11,1,2,2,2,2,4088660,454295.55555555556,105140,1577250,3,1,1,3,1
422,15,27.0,0.0,27,1,1181310,78754.0,78754,78754,2016,4,2,3,3,3,3,17158380,1143892.0,0,2870020,4,1,1,2,0
423,6,36.0,0.0,20,0,258498,43083.0,43083,43083,2016,4,1,1,1,1,1,1628780,271463.3333333333,0,693450,2,1,2,1,1
424,10,40.0,0.0,17,0,746840,74684.0,74684,74684,2018,9,2,2,2,2,2,2652520,265252.0,0,1094020,2,1,2,1,1
425,17,47.0,0.0,22,1,525657,30921.0,30921,30921,2015,12,1,3,3,3,3,10958080,644592.9411764706,0,2159820,3,1,3,3,0
426,6,34.0,0.0,24,2,390318,65053.0,65053,65053,2018,7,2,2,2,2,2,540670,90111.66666666667,-300260,436010,2,1,1,2,1
427,3,33.0,0.0,10,1,264540,88180.0,88180,88180,2020,10,3,3,3,3,3,1465000,488333.3333333333,0,1465000,2,2,2,2,0
429,2,37.0,0.0,8,0,241542,120771.0,120771,120771,2019,6,2,4,4,4,4,0,0.0,0,0,1,1,1,1,1
430,1,31.0,0.0,28,0,14489,14489.0,14489,14489,2019,1,1,1,1,1,1,0,0.0,0,0,1,1,1,1,0
431,7,39.0,1.0,18,0,353199,50457.0,50457,50457,2020,5,3,3,3,3,3,4596780,656682.8571428572,0,1646640,4,1,1,3,0
432,10,36.0,0.0,14,0,170470,17047.0,17047,17047,2019,6,1,1,1,1,1,1392880,139288.0,0,519610,3,1,3,3,1
433,2,36.0,0.0,13,2,157312,78656.0,78656,78656,2020,5,3,3,3,3,3,0,0.0,0,0,2,1,1,2,0
434,11,30.0,1.0,6,2,901251,81931.90909090909,88515,80469,2017,8,1,3,2,2,3,30502390,2772944.5454545454,500000,6150360,4,4,4,4,0
435,4,29.0,0.0,22,0,253916,63479.0,63479,63479,2018,6,1,1,1,1,1,2342860,585715.0,0,1616720,3,1,1,3,1
436,5,28.0,0.0,24,2,642950,128590.0,128590,128590,2017,6,1,4,4,4,4,12840570,2568114.0,-639880,8850600,4,1,1,1,0
438,6,43.0,1.0,9,2,487236,81206.0,81206,81206,2018,10,1,2,2,2,2,5274150,879025.0,0,2975860,3,2,3,3,0
439,8,27.0,0.0,3,1,481968,60246.0,60246,60246,2019,11,1,1,1,1,1,3870140,483767.5,0,1561820,3,2,2,2,1
440,18,40.0,0.0,16,1,2036250,113125.0,113125,113125,2013,8,2,4,4,4,4,13812300,767350.0,0,3653640,3,1,2,1,0
441,4,32.0,0.0,6,2,325152,81288.0,81288,81288,2020,5,3,3,3,3,3,3626310,906577.5,200210,1575200,3,3,3,3,0
442,2,32.0,0.0,23,2,147866,73933.0,73933,73933,2019,9,3,3,3,3,3,0,0.0,0,0,1,1,1,1,1
443,4,31.0,1.0,3,1,220432,55108.0,55108,55108,2020,9,2,2,2,2,2,0,0.0,0,0,1,1,1,1,1
444,12,32.0,0.0,15,1,442272,36856.0,36856,36856,2019,11,1,1,1,1,1,2631240,219270.0,0,709010,2,1,2,2,0
445,1,32.0,0.0,8,0,33956,33956.0,33956,33956,2019,1,2,2,2,2,2,0,0.0,0,0,1,1,1,1,1
446,8,31.0,1.0,22,0,406656,50832.0,50832,50832,2020,2,3,3,3,3,3,4068430,508553.75,0,1096760,3,1,3,3,0
448,21,37.0,0.0,10,1,1373169,65389.0,65389,65389,2014,4,2,4,4,4,4,26303960,1252569.5238095238,0,5058470,3,1,3,2,0
449,3,25.0,0.0,11,0,97398,32466.0,32466,32466,2020,9,1,1,1,1,1,184290,61430.0,0,184290,1,1,1,1,0
450,20,30.0,0.0,20,2,1408300,70415.0,70415,70415,2015,8,1,3,3,3,3,19228060,961403.0,300520,2303780,4,2,3,3,0
451,5,41.0,1.0,16,2,616950,123390.0,123390,123390,2013,11,1,5,5,5,5,0,0.0,0,0,1,1,1,1,1
452,7,46.0,0.0,19,0,731311,104473.0,104473,104473,2013,10,2,4,4,4,4,2213760,316251.4285714286,0,766750,2,1,2,1,1
453,15,37.0,0.0,12,2,1850415,123361.0,123361,123361,2019,7,4,4,4,4,4,19487610,1299174.0,0,2807770,3,2,2,3,0
454,2,30.0,1.0,17,2,90714,45357.0,45357,45357,2019,8,1,1,1,1,1,0,0.0,0,0,1,1,1,1,0
456,2,35.0,1.0,26,1,90386,45193.0,45193,45193,2020,7,2,2,2,2,2,0,0.0,0,0,1,1,1,1,1
457,2,23.0,1.0,5,1,109984,54992.0,54992,54992,2020,11,2,2,2,2,2,700000,350000.0,0,700000,2,2,2,2,0
458,2,31.0,1.0,19,0,33498,16749.0,16749,16749,2020,7,3,3,3,3,3,400280,200140.0,0,400280,1,1,1,1,0
459,1,29.0,0.0,12,2,67194,67194.0,67194,67194,2020,10,3,3,3,3,3,442730,442730.0,442730,442730,1,1,1,1,0
460,7,29.0,1.0,15,0,263025,37575.0,37575,37575,2019,12,2,2,2,2,2,2693870,384838.5714285714,0,1033030,2,1,2,2,0
461,5,32.0,1.0,8,0,267885,53577.0,53577,53577,2020,4,2,2,2,2,2,1126370,225274.0,0,600000,2,1,1,2,1
462,3,35.0,0.0,16,2,138417,46139.0,46139,46139,2020,10,3,3,3,3,3,359320,119773.33333333333,0,359320,1,1,1,1,0
463,2,39.0,0.0,24,1,94838,47419.0,47419,47419,2018,12,1,1,1,1,1,117860,58930.0,0,117860,1,1,1,1,1
464,7,34.0,0.0,27,2,602504,86072.0,86072,86072,2019,7,3,3,3,3,3,1301000,185857.14285714287,0,750000,2,1,1,2,1
465,9,35.0,1.0,8,2,786942,87438.0,87438,87438,2018,1,2,2,2,2,2,3679060,408784.44444444444,0,1364530,2,2,2,2,1
466,2,23.0,1.0,23,0,128358,64179.0,64179,64179,2019,12,2,2,2,2,2,0,0.0,0,0,1,1,1,1,0
467,3,32.0,0.0,29,0,251778,83926.0,83926,83926,2019,11,3,3,3,3,3,0,0.0,0,0,1,1,1,1,1
469,1,31.0,0.0,13,2,26067,26067.0,26067,26067,2018,10,1,1,1,1,1,0,0.0,0,0,1,1,1,1,1
470,1,31.0,0.0,1,0,39660,39660.0,39660,39660,2020,2,2,2,2,2,2,0,0.0,0,0,1,1,1,1,0
471,2,38.0,0.0,12,0,118636,59318.0,59318,59318,2020,5,3,3,3,3,3,0,0.0,0,0,1,1,1,1,1
472,6,39.0,1.0,23,1,500574,83429.0,83429,83429,2020,6,3,3,3,3,3,1162250,193708.33333333334,0,973920,2,1,1,2,0
473,2,25.0,1.0,16,1,124862,62431.0,62431,62431,2018,7,1,1,1,1,1,0,0.0,0,0,1,1,1,1,1
474,1,32.0,0.0,10,1,45068,45068.0,45068,45068,2018,8,1,1,1,1,1,0,0.0,0,0,1,1,1,1,1
475,5,43.0,0.0,11,1,213570,42714.0,42714,42714,2018,7,1,1,1,1,1,2119680,423936.0,0,1364810,3,1,3,3,1
476,10,28.0,1.0,16,0,229180,22918.0,22918,22918,2020,3,2,2,2,2,2,1220340,122034.0,0,353630,2,1,1,1,1
477,4,39.0,0.0,19,1,117248,29312.0,29312,29312,2018,6,1,1,1,1,1,1310420,327605.0,0,790870,2,1,2,2,1
478,5,31.0,1.0,20,1,195820,39164.0,39164,39164,2019,9,2,2,2,2,2,0,0.0,0,0,1,1,1,1,1
479,1,23.0,1.0,20,2,22947,22947.0,22947,22947,2018,12,1,1,1,1,1,0,0.0,0,0,1,1,1,1,0
481,9,30.0,0.0,12,2,615069,68341.0,68341,68341,2017,5,1,1,1,1,1,5637230,626358.8888888889,-249000,2332040,4,1,2,1,1
482,16,45.0,0.0,10,1,905776,56611.0,56611,56611,2015,7,1,2,2,2,2,9181600,573850.0,0,1417380,3,2,2,2,0
483,8,42.0,1.0,16,1,1060464,132558.0,132558,132558,2020,5,3,3,3,3,3,10574260,1321782.5,0,4781830,4,1,1,1,0
484,4,29.0,1.0,4,0,106248,26562.0,26562,26562,2019,8,1,1,1,1,1,0,0.0,0,0,1,1,1,1,1
486,15,40.0,1.0,10,0,475110,31674.0,31674,31674,2016,10,1,2,2,2,2,7275760,485050.6666666667,0,2403840,3,1,3,2,1
488,11,45.0,0.0,28,2,887876,80716.0,80716,80716,2018,10,1,2,2,2,2,4215840,383258.1818181818,0,1907930,3,1,3,3,1
489,10,32.0,1.0,12,2,494750,49475.0,49475,49475,2019,10,1,1,1,1,1,3402940,340294.0,0,1315560,3,1,3,3,1
491,4,26.0,0.0,2,2,166552,41638.0,41638,41638,2020,5,1,1,1,1,1,0,0.0,0,0,1,1,1,1,1
492,1,36.0,1.0,19,0,23107,23107.0,23107,23107,2018,7,2,2,2,2,2,0,0.0,0,0,1,1,1,1,1
493,10,28.0,0.0,9,1,523070,52307.0,52307,52307,2019,12,2,2,2,2,2,3388020,338802.0,0,1067670,3,1,2,1,0
494,7,36.0,1.0,16,1,776748,110964.0,110964,110964,2020,3,3,3,3,3,3,4143340,591905.7142857143,0,2163090,4,1,4,1,0
496,3,24.0,0.0,15,1,60510,20170.0,20170,20170,2018,10,1,1,1,1,1,250000,83333.33333333333,0,250000,1,1,1,1,1
497,5,30.0,1.0,16,1,325175,65035.0,65035,65035,2020,6,2,2,2,2,2,0,0.0,0,0,1,1,1,1,0
498,1,31.0,0.0,20,2,65571,65571.0,65571,65571,2020,11,2,2,2,2,2,0,0.0,0,0,1,1,1,1,0
499,3,43.0,0.0,3,2,143004,47668.0,47668,47668,2020,9,3,3,3,3,3,0,0.0,0,0,1,1,1,1,0
500,7,40.0,0.0,12,1,721833,103119.0,103119,103119,2018,5,4,4,4,4,4,7087700,1012528.5714285715,0,2654880,3,1,1,1,0
501,6,32.0,1.0,16,0,581736,96956.0,96956,96956,2020,5,3,3,3,3,3,1010920,168486.66666666666,-1003260,960000,2,1,2,2,0
502,5,23.0,0.0,5,1,249440,49888.0,49888,49888,2019,11,2,2,2,2,2,0,0.0,0,0,1,1,1,1,1
503,3,44.0,1.0,21,0,127632,42544.0,42544,42544,2018,6,1,1,1,1,1,1379710,459903.3333333333,121310,993280,2,2,2,2,0
504,6,33.0,1.0,15,1,297918,49653.0,49653,49653,2015,8,2,2,2,2,2,1678840,279806.6666666667,0,828370,2,1,2,2,1
505,4,25.0,0.0,26,0,223216,55804.0,55804,55804,2019,1,2,2,2,2,2,115940,28985.0,0,115940,1,1,1,1,1
507,12,40.0,0.0,6,1,350772,29231.0,29231,29231,2015,11,1,2,2,2,2,6035540,502961.6666666667,101090,1986360,3,2,3,3,0
508,1,33.0,0.0,21,1,48682,48682.0,48682,48682,2020,12,2,2,2,2,2,0,0.0,0,0,1,1,1,1,0
509,4,25.0,0.0,8,0,368316,92079.0,92079,92079,2020,6,3,3,3,3,3,152640,38160.0,0,152640,1,1,1,1,0
510,4,28.0,1.0,29,0,275004,68751.0,68751,68751,2020,9,1,1,1,1,1,0,0.0,0,0,1,1,1,1,0
512,2,43.0,1.0,8,1,81554,40777.0,40777,40777,2019,5,1,1,1,1,1,0,0.0,0,0,1,1,1,1,1
513,3,35.0,1.0,20,2,68379,22793.0,22793,22793,2018,6,1,1,1,1,1,580500,193500.0,0,472490,1,1,1,1,1
515,1,26.0,1.0,29,0,10747,10747.0,10747,10747,2020,4,2,2,2,2,2,0,0.0,0,0,1,1,1,1,1
516,16,26.0,1.0,29,0,657584,41099.0,41099,41099,2019,7,1,1,1,1,1,5225670,326604.375,0,2980090,3,1,2,1,0
518,5,45.0,1.0,15,2,260995,52199.0,52199,52199,2018,9,1,1,1,1,1,1250680,250136.0,0,588920,2,1,2,1,1
519,2,36.0,0.0,29,1,166506,83253.0,83253,83253,2019,10,3,3,3,3,3,0,0.0,0,0,1,1,1,1,1
520,10,28.0,1.0,23,1,989960,98996.0,98996,98996,2019,1,4,4,4,4,4,12719310,1271931.0,0,6350000,3,1,1,3,1
521,8,35.0,0.0,27,0,223056,27882.0,27882,27882,2020,4,1,1,1,1,1,4074060,509257.5,0,740910,3,3,3,3,0
522,9,36.0,0.0,26,2,986868,109652.0,109652,109652,2014,5,2,3,3,3,3,4760130,528903.3333333334,0,1240020,3,2,2,2,1
523,6,39.0,0.0,9,0,186336,31056.0,31056,31056,2020,5,3,3,3,3,3,451340,75223.33333333333,0,250920,2,1,2,1,1
524,2,33.0,0.0,17,1,165644,82822.0,82822,82822,2020,8,3,3,3,3,3,950000,475000.0,0,950000,2,1,2,1,0
525,9,33.0,0.0,22,1,960543,106727.0,106727,106727,2019,10,3,3,3,3,3,2806000,311777.77777777775,0,2306000,2,1,2,2,1
527,12,35.0,0.0,23,1,1041876,86823.0,86823,86823,2017,8,3,4,4,4,4,6800020,566668.3333333334,-200000,3200000,3,1,2,2,0
528,6,34.0,0.0,10,0,306516,51086.0,51086,51086,2020,3,2,2,2,2,2,2256420,376070.0,0,1590050,3,1,3,1,1
529,1,32.0,1.0,9,0,12934,12934.0,12934,12934,2018,11,2,2,2,2,2,-103570,-103570.0,-103570,-103570,1,1,1,1,0
530,2,37.0,0.0,28,2,62274,31137.0,31137,31137,2020,3,1,1,1,1,1,0,0.0,0,0,1,1,1,1,1
531,3,35.0,0.0,8,2,204135,68045.0,68045,68045,2020,9,2,2,2,2,2,660480,220160.0,0,386520,2,2,2,2,0
532,7,36.0,0.0,26,0,428701,61243.0,61243,61243,2019,10,1,1,1,1,1,3010170,430024.28571428574,0,1203140,3,1,2,3,0
533,4,36.0,0.0,1,1,142924,35731.0,35731,35731,2019,6,1,1,1,1,1,200000,50000.0,0,200000,1,1,1,1,0
534,1,28.0,0.0,10,0,87872,87872.0,87872,87872,2020,11,3,3,3,3,3,0,0.0,0,0,1,1,1,1,0
535,19,39.0,0.0,27,1,1466458,77182.0,77182,77182,2015,9,1,4,4,4,4,14655900,771363.1578947369,0,3075690,2,1,2,2,1
536,6,28.0,0.0,26,2,210672,35112.0,35112,35112,2019,7,1,1,1,1,1,980720,163453.33333333334,0,630520,2,1,1,1,1
537,9,35.0,1.0,29,1,714870,79430.0,84554,76868,2019,12,2,3,2,2,2,15228240,1692026.6666666667,0,5931040,4,1,1,4,0
538,10,26.0,1.0,23,1,296980,29698.0,29698,29698,2019,11,1,1,1,1,1,2087450,208745.0,0,846950,3,1,2,3,0
539,1,36.0,0.0,24,0,109296,109296.0,109296,109296,2016,6,2,3,3,3,3,0,0.0,0,0,1,1,1,1,1
541,15,27.0,0.0,1,2,1077180,71812.0,71812,71812,2017,2,1,2,2,2,2,3762380,250825.33333333334,0,1748110,2,1,2,1,1
542,9,44.0,0.0,8,1,393480,43720.0,43720,43720,2019,7,2,2,2,2,2,2308640,256515.55555555556,0,600000,2,1,1,1,1
543,1,29.0,0.0,12,0,34793,34793.0,34793,34793,2020,9,3,3,3,3,3,0,0.0,0,0,1,1,1,1,0
544,17,43.0,0.0,14,2,855865,50345.0,50345,50345,2015,7,1,2,2,2,2,13103780,770810.5882352941,0,2970850,4,1,1,4,1
545,1,29.0,1.0,26,1,62542,62542.0,62542,62542,2018,11,2,2,2,2,2,0,0.0,0,0,1,1,1,1,1
546,4,36.0,1.0,14,2,83972,20993.0,20993,20993,2020,9,1,1,1,1,1,195960,48990.0,0,195960,1,1,1,1,0
547,4,28.0,0.0,19,0,138144,34536.0,34536,34536,2020,9,2,2,2,2,2,1252200,313050.0,0,990600,2,1,2,2,0
548,4,31.0,1.0,20,2,220956,55239.0,55239,55239,2020,8,3,3,3,3,3,0,0.0,0,0,1,1,1,1,0
549,1,24.0,1.0,2,1,20886,20886.0,20886,20886,2018,11,1,1,1,1,1,212640,212640.0,212640,212640,1,1,1,1,1
550,9,36.0,0.0,27,1,501030,55670.0,55670,55670,2019,10,1,1,1,1,1,2728400,303155.55555555556,0,1150680,3,1,3,2,0
551,1,43.0,0.0,13,2,84481,84481.0,84481,84481,2018,6,3,3,3,3,3,236100,236100.0,236100,236100,1,1,1,1,0
552,11,37.0,0.0,13,1,716870,65170.0,65170,65170,2019,11,3,3,3,3,3,34285530,3116866.3636363638,500000,12677080,4,2,4,4,0
553,3,32.0,0.0,12,1,132819,44273.0,44273,44273,2019,9,2,2,2,2,2,0,0.0,0,0,1,1,1,1,0
554,3,36.0,0.0,24,2,58947,19649.0,19649,19649,2018,11,1,1,1,1,1,0,0.0,0,0,1,1,1,1,1
556,21,36.0,1.0,8,2,1084818,51658.0,51658,51658,2015,10,1,2,2,2,2,19339300,920919.0476190476,0,2674280,4,2,2,3,0
558,10,39.0,1.0,11,1,552630,55263.0,55263,55263,2015,8,1,2,2,2,2,4159760,415976.0,122430,1107840,3,1,2,2,0
559,4,41.0,0.0,27,0,177368,44342.0,44342,44342,2020,8,1,1,1,1,1,419600,104900.0,0,294140,3,1,1,3,0
560,21,42.0,0.0,19,2,3196914,152234.0,152234,152234,2018,7,3,4,4,4,4,34737600,1654171.4285714286,0,11658060,4,1,4,3,0
561,1,28.0,0.0,6,1,43855,43855.0,43855,43855,2020,12,1,1,1,1,1,0,0.0,0,0,1,1,1,1,0
562,4,29.0,1.0,6,0,209860,52465.0,52465,52465,2020,2,2,2,2,2,2,0,0.0,0,0,1,1,1,1,0
563,9,35.0,1.0,20,0,660231,73359.0,73359,73359,2017,7,1,3,3,3,3,2757220,306357.77777777775,0,852760,2,1,2,1,1
564,3,38.0,0.0,1,2,94020,31340.0,31340,31340,2019,1,1,1,1,1,1,202500,67500.0,0,101850,1,1,1,1,1
565,12,37.0,0.0,28,1,678516,56543.0,56543,56543,2019,9,3,3,3,3,3,5944390,495365.8333333333,0,1293700,3,1,3,3,0
566,14,36.0,0.0,10,2,707056,50504.0,50504,50504,2018,5,1,1,1,1,1,5208310,372022.14285714284,0,1173960,3,1,2,2,0
568,18,33.0,0.0,16,1,1015965,56442.5,60655,55600,2018,5,1,4,3,3,3,29388740,1632707.7777777778,172420,8374070,4,2,3,3,0
569,19,40.0,1.0,26,0,2123117,111743.0,111743,111743,2015,12,2,3,3,3,3,24240970,1275840.5263157894,0,5669390,4,2,2,4,0
570,10,34.0,1.0,19,2,379290,37929.0,37929,37929,2020,1,1,1,1,1,1,6153140,615314.0,0,2203840,4,2,2,4,0
571,4,32.0,1.0,3,2,383304,95826.0,95826,95826,2020,7,3,3,3,3,3,1057730,264432.5,0,530010,2,1,1,1,0
572,5,30.0,1.0,2,0,159450,31890.0,31890,31890,2020,2,2,2,2,2,2,1322570,264514.0,0,750010,2,1,2,1,1
573,2,27.0,0.0,28,2,108052,54026.0,54026,54026,2020,5,2,2,2,2,2,0,0.0,0,0,1,1,1,1,1
574,4,40.0,0.0,13,0,280576,70144.0,70144,70144,2019,7,2,2,2,2,2,255540,63885.0,0,255540,1,1,1,1,1
575,1,27.0,0.0,25,2,39391,39391.0,39391,39391,2020,12,1,1,1,1,1,0,0.0,0,0,1,1,1,1,0
576,6,31.0,1.0,22,0,410136,68356.0,68356,68356,2020,5,3,3,3,3,3,242560,40426.666666666664,0,242560,1,1,1,1,1
577,5,29.0,1.0,14,2,540455,108091.0,108091,108091,2020,5,3,3,3,3,3,158570,31714.0,0,158570,1,1,1,1,1
578,1,35.0,0.0,29,1,46169,46169.0,46169,46169,2018,12,2,2,2,2,2,0,0.0,0,0,1,1,1,1,1
579,4,30.0,1.0,5,2,282280,70570.0,70570,70570,2017,6,1,2,2,2,2,675930,168982.5,0,425930,2,1,2,1,1
580,20,42.0,1.0,18,2,1029468,51473.4,56877,51189,2018,7,1,2,1,2,1,15233630,761681.5,113040,3202270,4,3,4,3,0
581,19,42.0,0.0,25,2,1000179,52641.0,52641,52641,2018,1,1,1,1,1,1,12690580,667925.2631578947,148790,4016340,4,2,3,4,0
582,10,33.0,1.0,10,2,481588,48158.8,52450,47682,2019,11,2,3,2,2,2,12761530,1276153.0,0,2750560,4,1,4,1,0
583,3,31.0,0.0,11,0,179778,59926.0,59926,59926,2020,7,2,2,2,2,2,250240,83413.33333333333,0,250240,3,2,3,2,0
584,2,29.0,1.0,1,0,103186,51593.0,51593,51593,2015,10,2,3,3,3,3,342760,171380.0,0,342760,1,1,1,1,1
585,1,41.0,1.0,4,0,14989,14989.0,14989,14989,2018,10,1,1,1,1,1,0,0.0,0,0,1,1,1,1,1
587,5,34.0,1.0,20,0,483400,96680.0,96680,96680,2020,5,3,3,3,3,3,6291840,1258368.0,251210,2956180,4,3,4,4,0
588,7,28.0,1.0,13,0,123620,17660.0,17660,17660,2020,5,2,2,2,2,2,1648010,235430.0,0,492450,2,1,1,2,1
591,2,36.0,0.0,7,2,201764,100882.0,100882,100882,2020,9,3,3,3,3,3,0,0.0,0,0,2,2,2,2,0
592,17,42.0,1.0,20,1,1149608,67624.0,67624,67624,2018,5,1,2,2,2,2,5772050,339532.35294117645,0,1192240,2,1,2,2,0
593,9,39.0,0.0,23,0,777024,86336.0,86336,86336,2020,2,3,3,3,3,3,4035480,448386.6666666667,0,1649280,3,1,3,1,1
594,2,30.0,0.0,19,0,82186,41093.0,41093,41093,2020,9,2,2,2,2,2,153470,76735.0,0,153470,1,1,1,1,0
595,6,30.0,0.0,26,0,334968,55828.0,55828,55828,2020,7,2,2,2,2,2,1034740,172456.66666666666,0,651770,2,1,2,2,0
596,2,29.0,0.0,12,0,132966,66483.0,66483,66483,2018,8,2,2,2,2,2,766310,383155.0,0,766310,2,1,2,1,1
597,4,28.0,1.0,23,2,343704,85926.0,85926,85926,2020,8,3,3,3,3,3,1202090,300522.5,0,500000,2,1,1,2,0
598,6,38.0,1.0,9,1,468810,78135.0,78135,78135,2018,12,2,2,2,2,2,1329330,221555.0,0,411730,2,1,2,1,0
599,1,27.0,1.0,3,1,71458,71458.0,71458,71458,2020,12,2,2,2,2,2,0,0.0,0,0,1,1,1,1,0
600,4,29.0,0.0,2,1,461172,115293.0,115293,115293,2019,10,3,3,3,3,3,0,0.0,0,0,2,1,2,1,0
601,4,33.0,1.0,19,1,156476,39119.0,39119,39119,2016,5,1,2,2,2,2,942130,235532.5,0,544260,1,1,1,1,1
602,1,28.0,0.0,9,0,49553,49553.0,49553,49553,2020,4,2,2,2,2,2,0,0.0,0,0,1,1,1,1,0
603,5,30.0,0.0,15,0,324210,64842.0,64842,64842,2019,10,2,2,2,2,2,1301200,260240.0,0,999000,2,1,2,2,1
604,20,47.0,1.0,26,1,1317120,65856.0,65856,65856,2016,5,1,2,2,2,2,14829230,741461.5,100660,1543500,4,2,2,4,0
605,18,37.0,0.0,10,1,1716336,95352.0,95352,95352,2015,10,1,3,3,3,3,16146100,897005.5555555555,232640,3307050,4,2,4,3,0
606,8,34.0,1.0,10,0,913840,114230.0,114230,114230,2020,1,3,3,3,3,3,2809380,351172.5,0,914390,2,1,2,1,0
607,5,27.0,1.0,27,1,193820,38764.0,38764,38764,2018,1,1,1,1,1,1,1703720,340744.0,0,782230,2,2,2,2,1
608,8,24.0,0.0,26,2,666352,83294.0,83294,83294,2019,11,2,2,2,2,2,1939230,242403.75,0,1004410,2,1,1,2,1
609,5,33.0,1.0,9,2,230930,46186.0,46186,46186,2018,10,1,1,1,1,1,850280,170056.0,0,344360,2,1,2,1,1
610,1,30.0,1.0,23,2,49664,49664.0,49664,49664,2019,11,2,2,2,2,2,0,0.0,0,0,1,1,1,1,1
611,2,32.0,1.0,10,1,78432,39216.0,39216,39216,2020,1,2,2,2,2,2,0,0.0,0,0,1,1,1,1,0
612,2,31.0,0.0,17,0,59370,29685.0,29685,29685,2019,11,1,1,1,1,1,0,0.0,0,0,1,1,1,1,0
613,5,30.0,0.0,1,0,68265,13653.0,13653,13653,2018,8,1,1,1,1,1,1897420,379484.0,175100,867320,2,1,2,1,0
614,10,23.0,1.0,10,1,364740,36474.0,36474,36474,2018,10,1,1,1,1,1,5936640,593664.0,0,1615190,4,1,1,3,1
615,11,34.0,0.0,23,2,594616,54056.0,54056,54056,2018,5,1,2,2,2,2,6783970,616724.5454545454,50000,1445260,4,1,2,1,1
617,6,22.0,1.0,18,0,130038,21673.0,21673,21673,2020,5,1,1,1,1,1,5923040,987173.3333333334,0,2529340,4,2,4,4,0
618,3,41.0,0.0,6,2,163560,54520.0,54520,54520,2017,6,1,2,2,2,2,1129850,376616.6666666667,0,642060,2,1,2,2,1
619,7,30.0,1.0,14,1,225050,32150.0,32150,32150,2020,5,3,3,3,3,3,2626230,375175.71428571426,138360,662750,2,1,2,1,0
620,4,29.0,1.0,8,2,319204,79801.0,79801,79801,2020,9,3,3,3,3,3,812040,203010.0,0,812040,2,1,2,2,0
621,2,29.0,1.0,4,2,202988,101494.0,101494,101494,2019,12,3,3,3,3,3,0,0.0,0,0,1,1,1,1,1
622,1,42.0,0.0,22,0,53454,53454.0,53454,53454,2020,12,3,3,3,3,3,0,0.0,0,0,1,1,1,1,0
623,2,23.0,1.0,29,1,115862,57931.0,57931,57931,2018,11,1,1,1,1,1,0,0.0,0,0,1,1,1,1,1
624,16,35.0,0.0,15,1,1675392,104712.0,104712,104712,2014,5,2,3,3,3,3,14726120,920382.5,0,4070390,3,1,3,3,0
625,4,31.0,0.0,12,1,199744,49936.0,49936,49936,2018,11,1,1,1,1,1,1567300,391825.0,0,838460,2,1,2,1,0
626,3,35.0,0.0,24,0,56364,18788.0,18788,18788,2019,12,2,2,2,2,2,0,0.0,0,0,1,1,1,1,1
627,5,36.0,0.0,17,1,176095,35219.0,35219,35219,2018,10,2,2,2,2,2,2465510,493102.0,0,1191120,2,1,1,2,1
629,2,43.0,1.0,15,0,77248,38624.0,38624,38624,2018,9,2,2,2,2,2,145450,72725.0,0,145450,1,1,1,1,1
630,7,35.0,1.0,28,0,362467,51781.0,51781,51781,2018,9,2,2,2,2,2,1125850,160835.7142857143,0,500000,1,1,1,1,1
633,2,36.0,1.0,3,2,96118,48059.0,48059,48059,2020,7,3,3,3,3,3,153370,76685.0,0,153370,1,1,1,1,1
634,4,29.0,0.0,28,2,217432,54358.0,54358,54358,2019,1,1,1,1,1,1,250000,62500.0,0,250000,1,1,1,1,1
635,4,31.0,0.0,28,1,521716,130429.0,130429,130429,2020,7,3,3,3,3,3,300000,75000.0,0,150000,1,1,1,1,1
636,2,44.0,0.0,20,0,190776,95388.0,95388,95388,2017,10,4,4,4,4,4,0,0.0,0,0,1,1,1,1,0
638,15,38.0,0.0,16,2,2091649,139443.26666666666,149403,137911,2013,7,2,5,4,4,4,22962220,1530814.6666666667,-47260,7087340,4,2,3,3,0
639,8,27.0,0.0,12,2,532792,66599.0,66599,66599,2020,2,2,2,2,2,2,3304670,413083.75,0,968480,3,1,3,2,0
640,7,27.0,1.0,8,1,741517,105931.0,105931,105931,2019,12,3,3,3,3,3,1510890,215841.42857142858,0,1025880,1,1,1,1,1
642,4,35.0,0.0,11,0,346064,86516.0,86516,86516,2020,7,3,3,3,3,3,0,0.0,0,0,1,1,1,1,0
643,6,35.0,0.0,26,1,381792,63632.0,63632,63632,2020,7,2,2,2,2,2,1015390,169231.66666666666,0,507880,2,1,1,2,0
644,6,29.0,0.0,6,2,208446,34741.0,34741,34741,2020,4,1,1,1,1,1,3016750,502791.6666666667,0,1000010,3,1,3,3,0
645,4,28.0,1.0,8,2,441780,110445.0,110445,110445,2019,3,2,4,4,4,4,960000,240000.0,0,960000,2,1,2,1,1
646,2,34.0,0.0,11,1,143552,71776.0,71776,71776,2020,10,3,3,3,3,3,0,0.0,0,0,1,1,1,1,0
647,2,34.0,1.0,10,2,115776,57888.0,57888,57888,2019,8,1,1,1,1,1,0,0.0,0,0,1,1,1,1,1
648,5,28.0,1.0,3,0,94640,18928.0,18928,18928,2020,7,1,1,1,1,1,942840,188568.0,0,942840,2,1,1,1,0
649,4,33.0,0.0,14,1,142336,35584.0,35584,35584,2019,6,1,1,1,1,1,0,0.0,0,0,1,1,1,1,1
650,1,33.0,1.0,16,1,42953,42953.0,42953,42953,2020,11,2,2,2,2,2,0,0.0,0,0,1,1,1,1,0
651,6,34.0,1.0,12,1,247788,41298.0,41298,41298,2019,12,3,3,3,3,3,837000,139500.0,0,837000,2,1,1,2,1
652,6,34.0,0.0,20,1,673932,112322.0,112322,112322,2018,11,4,4,4,4,4,0,0.0,0,0,1,1,1,1,1
653,2,44.0,1.0,1,0,129404,64702.0,64702,64702,2018,9,2,2,2,2,2,0,0.0,0,0,1,1,1,1,1
654,2,22.0,0.0,4,0,72232,36116.0,36116,36116,2020,10,2,2,2,2,2,0,0.0,0,0,1,1,1,1,1
655,5,35.0,0.0,13,0,204630,40926.0,40926,40926,2019,1,2,2,2,2,2,429430,85886.0,0,201300,1,1,1,1,1
658,6,30.0,1.0,6,1,635796,105966.0,105966,105966,2020,4,3,3,3,3,3,3246780,541130.0,0,892830,3,2,3,2,0
659,2,32.0,1.0,13,2,109806,54903.0,54903,54903,2020,6,3,3,3,3,3,0,0.0,0,0,1,1,1,1,1
660,2,24.0,1.0,7,0,30654,15327.0,15327,15327,2020,1,1,1,1,1,1,0,0.0,0,0,1,1,1,1,1
662,18,37.0,0.0,29,1,1377864,76548.0,76548,76548,2016,10,1,2,2,2,2,12851970,713998.3333333334,101650,1445380,4,2,3,3,0
663,3,27.0,0.0,21,1,291609,97203.0,97203,97203,2020,7,3,3,3,3,3,0,0.0,0,0,1,1,1,1,1
664,1,33.0,0.0,19,2,40041,40041.0,40041,40041,2020,12,1,1,1,1,1,186080,186080.0,186080,186080,2,2,2,2,0
667,5,31.0,0.0,8,2,390715,78143.0,78143,78143,2018,9,2,2,2,2,2,3113170,622634.0,0,1548680,3,1,3,1,1
668,7,29.0,1.0,3,1,321783,45969.0,45969,45969,2019,11,2,2,2,2,2,3340340,477191.4285714286,-14600,1499780,3,2,2,2,1
671,3,33.0,0.0,11,2,127104,42368.0,42368,42368,2019,11,3,3,3,3,3,0,0.0,0,0,1,1,1,1,1
672,3,30.0,0.0,18,2,231033,77011.0,77011,77011,2020,8,2,2,2,2,2,172480,57493.333333333336,0,172480,1,1,1,1,0
673,4,36.0,1.0,12,1,147868,36967.0,36967,36967,2020,7,2,2,2,2,2,0,0.0,0,0,1,1,1,1,0
674,3,34.0,1.0,14,1,115638,38546.0,38546,38546,2019,9,1,1,1,1,1,200000,66666.66666666667,0,200000,1,1,1,1,0
677,5,48.0,1.0,29,1,355360,71072.0,71072,71072,2015,5,2,3,3,3,3,1555490,311098.0,0,807550,1,1,1,1,1
678,3,35.0,0.0,14,2,94233,31411.0,31411,31411,2020,8,1,1,1,1,1,1003620,334540.0,0,1003620,3,1,3,1,0
680,7,37.0,1.0,3,2,891660,127380.0,127380,127380,2014,7,2,4,4,4,4,1481590,211655.7142857143,0,469900,2,1,1,1,1
681,4,29.0,0.0,23,0,207360,51840.0,51840,51840,2020,8,2,2,2,2,2,2457760,614440.0,0,2107760,3,1,3,3,0
682,16,30.0,0.0,14,1,640128,40008.0,40008,40008,2019,7,1,1,1,1,1,5623270,351454.375,0,1200590,3,1,1,2,0
683,3,41.0,1.0,17,2,167286,55762.0,55762,55762,2018,10,1,1,1,1,1,1617190,539063.3333333334,0,1417190,2,1,2,2,0
684,3,23.0,1.0,20,0,90249,30083.0,30083,30083,2020,6,1,1,1,1,1,1500340,500113.3333333333,0,1111840,3,1,3,3,1
686,5,28.0,1.0,1,2,314545,62909.0,62909,62909,2019,11,2,2,2,2,2,860000,172000.0,0,860000,1,1,1,1,1
687,2,32.0,0.0,18,0,26074,13037.0,13037,13037,2019,10,1,1,1,1,1,0,0.0,0,0,1,1,1,1,1
688,8,46.0,1.0,14,1,183448,22931.0,22931,22931,2018,6,1,2,2,2,2,2476510,309563.75,100750,802590,2,1,2,2,1
689,1,28.0,1.0,10,1,17186,17186.0,17186,17186,2018,10,1,1,1,1,1,0,0.0,0,0,1,1,1,1,1
690,4,45.0,1.0,14,0,198036,49509.0,49509,49509,2018,12,2,2,2,2,2,580610,145152.5,0,340320,1,1,1,1,1
691,2,30.0,1.0,7,0,118482,59241.0,59241,59241,2020,6,2,2,2,2,2,0,0.0,0,0,1,1,1,1,1
692,2,32.0,0.0,23,1,63662,31831.0,31831,31831,2017,12,1,1,1,1,1,213500,106750.0,0,213500,1,1,1,1,1
693,16,47.0,0.0,14,2,1979664,123729.0,123729,123729,2015,7,2,4,4,4,4,20170820,1260676.25,132150,2236820,3,2,2,2,0
694,3,32.0,1.0,16,2,247896,82632.0,82632,82632,2019,7,3,3,3,3,3,999000,333000.0,0,999000,2,1,2,1,1
695,4,27.0,0.0,17,2,230668,57667.0,57667,57667,2020,8,1,1,1,1,1,308510,77127.5,0,308510,1,1,1,1,1
696,3,27.0,1.0,10,0,238383,79461.0,79461,79461,2020,3,3,3,3,3,3,0,0.0,0,0,1,1,1,1,1
697,16,43.0,0.0,25,1,1891440,118215.0,118215,118215,2019,7,4,4,4,4,4,32241170,2015073.125,0,15059230,4,1,2,4,0
698,6,33.0,0.0,1,2,459216,76536.0,76536,76536,2020,5,3,3,3,3,3,5018330,836388.3333333334,0,2416920,4,2,4,3,0
700,7,29.0,1.0,10,1,217364,31052.0,31052,31052,2017,12,1,1,1,1,1,1477890,211127.14285714287,0,533800,3,1,1,3,1
701,19,44.0,1.0,3,2,1623550,85450.0,85450,85450,2019,1,2,2,2,2,2,20214250,1063907.894736842,146640,4427470,4,1,4,2,1
702,6,38.0,1.0,20,0,682842,113807.0,113807,113807,2019,6,3,3,3,3,3,0,0.0,0,0,1,1,1,1,1
703,8,29.0,0.0,11,2,827952,103494.0,103494,103494,2016,4,1,3,3,3,3,4374980,546872.5,0,1960530,4,1,3,3,1
704,20,29.0,0.0,8,1,1258620,62931.0,62931,62931,2018,5,1,2,2,2,2,11969600,598480.0,0,1409420,3,1,3,3,0
705,4,40.0,0.0,20,2,523124,130781.0,130781,130781,2019,10,3,3,3,3,3,0,0.0,0,0,1,1,1,1,1
706,3,35.0,0.0,27,0,212031,70677.0,70677,70677,2020,7,3,3,3,3,3,0,0.0,0,0,1,1,1,1,1
707,1,31.0,1.0,4,2,58323,58323.0,58323,58323,2018,5,1,1,1,1,1,1121200,1121200.0,1121200,1121200,2,2,2,2,0
708,5,39.0,1.0,19,0,485580,97116.0,97116,97116,2019,11,3,3,3,3,3,517690,103538.0,0,218420,1,1,1,1,1
709,3,31.0,0.0,13,1,406308,135436.0,135436,135436,2018,8,5,5,5,5,5,0,0.0,0,0,1,1,1,1,1
710,5,32.0,0.0,18,2,551495,110299.0,110299,110299,2020,2,3,3,3,3,3,1976260,395252.0,0,1078810,4,1,3,1,0
712,4,34.0,0.0,5,1,334460,83615.0,83615,83615,2020,8,3,3,3,3,3,641120,160280.0,0,641120,3,1,3,1,0
713,17,29.0,0.0,12,0,1179596,69388.0,69388,69388,2018,1,1,2,2,2,2,25440300,1496488.2352941176,614000,2984440,4,4,4,4,0
714,9,35.0,0.0,13,2,732168,81352.0,81352,81352,2019,11,3,3,3,3,3,3244510,360501.1111111111,0,1750000,2,1,2,1,1
715,1,41.0,0.0,4,1,34780,34780.0,34780,34780,2020,12,2,2,2,2,2,0,0.0,0,0,1,1,1,1,0
716,15,44.0,0.0,1,1,869654,57976.933333333334,63352,57593,2017,11,1,3,2,2,2,17507200,1167146.6666666667,0,4450470,4,2,4,4,0
718,15,27.0,0.0,15,2,1012350,67490.0,67490,67490,2016,4,1,3,3,3,3,11155750,743716.6666666666,122390,2331900,4,2,3,4,0
721,7,34.0,0.0,19,2,713160,101880.0,101880,101880,2020,5,3,3,3,3,3,5003700,714814.2857142857,0,1732820,3,1,3,3,0
722,5,37.0,0.0,9,1,189195,37839.0,37839,37839,2018,11,2,2,2,2,2,1724200,344840.0,0,797280,2,1,1,2,1
723,16,33.0,0.0,17,1,675888,42243.0,42243,42243,2018,7,1,1,1,1,1,7113210,444575.625,122900,2110820,4,1,1,1,0
724,3,32.0,1.0,1,2,109290,36430.0,36430,36430,2020,9,2,2,2,2,2,0,0.0,0,0,1,1,1,1,1
725,4,29.0,0.0,20,0,77824,19456.0,19456,19456,2020,8,1,1,1,1,1,211440,52860.0,0,211440,1,1,1,1,0
726,6,30.0,1.0,18,1,308982,51497.0,51497,51497,2017,1,1,1,1,1,1,1322310,220385.0,0,919570,2,1,2,1,1
727,8,39.0,0.0,22,2,357760,44720.0,44720,44720,2019,5,2,2,2,2,2,1296780,162097.5,0,492690,2,1,2,2,1
729,3,33.0,0.0,28,0,121593,40531.0,40531,40531,2020,9,2,2,2,2,2,0,0.0,0,0,1,1,1,1,1
731,3,35.0,1.0,2,0,57870,19290.0,19290,19290,2018,9,1,1,1,1,1,228920,76306.66666666667,0,228920,1,1,1,1,1
733,1,23.0,1.0,6,0,13937,13937.0,13937,13937,2020,12,1,1,1,1,1,0,0.0,0,0,1,1,1,1,0
734,11,35.0,1.0,22,2,972554,88414.0,88414,88414,2019,10,3,3,3,3,3,4352850,395713.63636363635,0,1270040,3,1,1,2,0
735,4,38.0,1.0,12,1,441960,110490.0,110490,110490,2019,8,4,4,4,4,4,1450000,362500.0,0,950000,2,1,1,1,0
736,4,26.0,1.0,15,2,327776,81944.0,81944,81944,2018,10,1,1,1,1,1,665120,166280.0,0,306240,1,1,1,1,0
737,2,40.0,0.0,19,0,49504,24752.0,24752,24752,2020,8,3,3,3,3,3,0,0.0,0,0,1,1,1,1,0
738,2,26.0,0.0,8,1,83960,41980.0,41980,41980,2020,5,2,2,2,2,2,0,0.0,0,0,1,1,1,1,1
739,5,30.0,1.0,20,0,543840,108768.0,108768,108768,2017,6,1,3,3,3,3,382150,76430.0,-1244820,661360,2,1,1,2,1
740,4,37.0,0.0,3,1,184524,46131.0,46131,46131,2020,6,1,1,1,1,1,1036820,259205.0,0,430040,2,1,1,2,0
742,4,34.0,0.0,13,1,338548,84637.0,84637,84637,2020,9,3,3,3,3,3,0,0.0,0,0,1,1,1,1,1
743,5,36.0,0.0,10,0,366365,73273.0,73273,73273,2020,1,2,2,2,2,2,0,0.0,0,0,1,1,1,1,0
744,6,27.0,0.0,20,2,259932,43322.0,43322,43322,2018,1,1,1,1,1,1,1520540,253423.33333333334,-239410,1048330,2,1,2,1,0
745,2,30.0,0.0,11,2,124084,62042.0,62042,62042,2019,10,2,2,2,2,2,0,0.0,0,0,1,1,1,1,1
747,10,32.0,1.0,17,1,589430,58943.0,58943,58943,2016,11,1,2,2,2,2,5915070,591507.0,145800,1147440,3,2,2,2,0
748,1,31.0,1.0,20,0,50210,50210.0,50210,50210,2020,11,3,3,3,3,3,0,0.0,0,0,1,1,1,1,0
751,2,27.0,0.0,22,0,211020,105510.0,105510,105510,2020,11,3,3,3,3,3,0,0.0,0,0,1,1,1,1,0
752,7,43.0,0.0,23,2,393701,56243.0,56243,56243,2020,5,2,2,2,2,2,1848300,264042.85714285716,0,572620,2,1,2,1,0
753,18,35.0,0.0,16,1,1073808,59656.0,59656,59656,2017,10,2,2,2,2,2,15857930,880996.1111111111,0,3064600,4,2,4,4,0
754,3,29.0,0.0,29,0,134460,44820.0,44820,44820,2020,10,2,2,2,2,2,0,0.0,0,0,1,1,1,1,0
755,1,36.0,0.0,8,1,25894,25894.0,25894,25894,2019,12,3,3,3,3,3,0,0.0,0,0,1,1,1,1,0
756,5,29.0,1.0,4,1,287380,57476.0,57476,57476,2019,5,3,3,3,3,3,488410,97682.0,0,308360,1,1,1,1,1
757,7,35.0,0.0,27,0,442267,63181.0,63181,63181,2017,7,1,3,3,3,3,4220370,602910.0,0,2064350,2,1,2,1,1
758,9,34.0,0.0,15,1,488592,54288.0,54288,54288,2019,8,2,2,2,2,2,1901970,211330.0,0,1133530,2,1,2,2,1
759,4,42.0,0.0,26,1,348728,87182.0,87182,87182,2019,12,3,3,3,3,3,0,0.0,0,0,1,1,1,1,1
761,2,23.0,0.0,10,2,138898,69449.0,69449,69449,2020,6,2,2,2,2,2,0,0.0,0,0,1,1,1,1,1
762,17,35.0,0.0,27,2,595408,35024.0,35024,35024,2016,4,1,2,2,2,2,6988070,411062.9411764706,53300,1023550,3,1,2,2,0
763,2,32.0,0.0,5,2,45826,22913.0,22913,22913,2020,11,1,1,1,1,1,0,0.0,0,0,1,1,1,1,0
764,2,37.0,1.0,26,1,36570,18285.0,18285,18285,2018,11,1,1,1,1,1,0,0.0,0,0,1,1,1,1,1
765,22,47.0,1.0,8,1,2710752,123216.0,123216,123216,2016,11,1,4,4,4,4,28550890,1297767.7272727273,0,12941160,4,2,2,2,0
766,9,31.0,1.0,8,1,254772,28308.0,28308,28308,2019,7,1,1,1,1,1,6405460,711717.7777777778,0,2155050,3,2,2,3,0
767,7,39.0,1.0,2,0,599851,85693.0,85693,85693,2017,5,1,3,3,3,3,2252450,321778.5714285714,145500,890520,2,1,1,1,0
768,8,24.0,1.0,26,1,702824,87853.0,87853,87853,2020,4,1,1,1,1,1,8195450,1024431.25,0,4402980,4,2,2,4,1
769,1,36.0,0.0,11,1,107149,107149.0,107149,107149,2020,11,3,3,3,3,3,0,0.0,0,0,1,1,1,1,0
770,6,26.0,0.0,26,0,111264,18544.0,18544,18544,2019,7,2,2,2,2,2,1750310,291718.3333333333,0,960420,3,1,1,3,0
771,2,36.0,0.0,5,1,90142,45071.0,45071,45071,2020,7,2,2,2,2,2,0,0.0,0,0,1,1,1,1,1
772,12,30.0,0.0,29,2,911832,75986.0,75986,75986,2019,7,3,3,3,3,3,13343300,1111941.6666666667,0,4356060,4,1,1,3,0
773,5,30.0,0.0,29,0,258000,51600.0,51600,51600,2019,10,2,2,2,2,2,0,0.0,0,0,1,1,1,1,1
776,6,37.0,1.0,8,1,381522,63587.0,63587,63587,2020,6,2,2,2,2,2,1376420,229403.33333333334,0,844890,2,1,2,2,1
777,7,30.0,1.0,22,2,495712,70816.0,70816,70816,2019,11,2,2,2,2,2,945280,135040.0,0,500000,2,1,1,1,1
778,11,31.0,0.0,9,1,428890,38990.0,38990,38990,2019,6,2,2,2,2,2,1384170,125833.63636363637,0,389660,1,1,1,1,1
779,3,35.0,1.0,23,2,69546,23182.0,23182,23182,2020,4,1,1,1,1,1,0,0.0,0,0,1,1,1,1,1
781,7,41.0,1.0,23,2,577521,82503.0,82503,82503,2019,12,3,3,3,3,3,498090,71155.71428571429,0,200000,1,1,1,1,1
782,6,36.0,1.0,29,1,253884,42314.0,42314,42314,2020,6,2,2,2,2,2,1704480,284080.0,0,674350,3,1,2,3,0
783,13,49.0,0.0,3,2,990535,76195.0,76195,76195,2015,12,1,2,2,2,2,6521890,501683.8461538461,0,1432500,3,1,2,2,1
784,2,41.0,0.0,17,2,200606,100303.0,100303,100303,2020,4,3,3,3,3,3,0,0.0,0,0,1,1,1,1,1
785,4,31.0,0.0,26,1,216836,54209.0,54209,54209,2020,7,2,2,2,2,2,2121920,530480.0,0,1016040,3,2,2,3,0
787,12,34.0,0.0,26,1,905604,75467.0,75467,75467,2019,8,3,3,3,3,3,2007550,167295.83333333334,-5483890,8099680,2,1,1,1,0
789,18,40.0,1.0,22,0,1215373,67520.72222222222,72265,65696,2018,11,2,3,2,2,2,29984760,1665820.0,0,5772230,4,1,4,4,0
790,15,31.0,0.0,12,1,603795,40253.0,40253,40253,2018,11,2,2,2,2,2,4655310,310354.0,100110,800000,2,1,1,1,1
791,15,36.0,1.0,4,0,1274415,84961.0,84961,84961,2015,10,2,3,3,3,3,29189920,1945994.6666666667,0,7211170,4,2,2,3,0
792,3,32.0,1.0,19,2,145917,48639.0,48639,48639,2019,12,2,2,2,2,2,0,0.0,0,0,1,1,1,1,1
793,1,26.0,1.0,7,2,92670,92670.0,92670,92670,2020,10,3,3,3,3,3,0,0.0,0,0,1,1,1,1,0
794,6,33.0,0.0,21,2,361512,60252.0,60252,60252,2015,5,2,2,2,2,2,3613360,602226.6666666666,0,3103150,3,1,3,2,1
796,7,32.0,0.0,26,2,353038,50434.0,50434,50434,2015,11,2,2,2,2,2,3381100,483014.28571428574,0,1462620,3,1,3,3,1
797,5,33.0,0.0,24,2,148445,29689.0,29689,29689,2018,8,1,1,1,1,1,1193450,238690.0,0,791000,2,1,1,2,1
799,5,34.0,1.0,21,1,154755,30951.0,30951,30951,2019,12,2,2,2,2,2,456480,91296.0,0,175320,1,1,1,1,1
800,5,36.0,0.0,6,0,248070,49614.0,49614,49614,2019,6,2,2,2,2,2,618510,123702.0,0,262160,2,1,1,2,0
801,3,39.0,0.0,29,1,188430,62810.0,62810,62810,2020,8,3,3,3,3,3,746550,248850.0,0,442690,2,1,1,2,0
803,5,27.0,0.0,11,2,311160,62232.0,62232,62232,2020,4,1,1,1,1,1,0,0.0,0,0,1,1,1,1,1
804,9,30.0,0.0,23,2,419400,46600.0,46600,46600,2019,11,2,2,2,2,2,2364550,262727.77777777775,0,873820,2,1,1,1,1
805,4,24.0,0.0,16,1,70704,17676.0,17676,17676,2019,1,1,1,1,1,1,1542500,385625.0,0,1342500,2,1,1,2,1
806,6,40.0,1.0,8,0,471882,78647.0,78647,78647,2020,6,3,3,3,3,3,2357460,392910.0,0,935050,3,1,1,3,0
807,3,32.0,1.0,25,1,244641,81547.0,81547,81547,2020,10,3,3,3,3,3,0,0.0,0,0,1,1,1,1,1
808,4,33.0,0.0,15,1,199656,49914.0,49914,49914,2020,5,3,3,3,3,3,0,0.0,0,0,1,1,1,1,1
810,1,25.0,0.0,17,1,45531,45531.0,45531,45531,2020,12,2,2,2,2,2,153540,153540.0,153540,153540,1,1,1,1,0
811,4,30.0,0.0,26,2,264068,66017.0,66017,66017,2019,10,2,2,2,2,2,467760,116940.0,0,467760,1,1,1,1,1
812,2,31.0,0.0,15,2,84790,42395.0,42395,42395,2018,10,1,1,1,1,1,0,0.0,0,0,1,1,1,1,1
813,1,32.0,1.0,27,0,31787,31787.0,31787,31787,2020,3,2,2,2,2,2,0,0.0,0,0,1,1,1,1,0
814,2,30.0,0.0,16,2,112266,56133.0,56133,56133,2020,11,1,1,1,1,1,0,0.0,0,0,1,1,1,1,0
816,1,41.0,0.0,8,2,55115,55115.0,55115,55115,2020,12,2,2,2,2,2,0,0.0,0,0,1,1,1,1,0
818,7,32.0,1.0,22,2,187950,26850.0,26850,26850,2019,8,2,2,2,2,2,820140,117162.85714285714,0,718280,1,1,1,1,1
819,22,41.0,0.0,15,1,2515876,114358.0,114358,114358,2013,11,2,4,4,4,4,30767770,1398535.0,200000,3300000,4,2,2,2,0
820,14,39.0,0.0,14,2,828324,59166.0,59166,59166,2018,5,1,1,1,1,1,7924420,566030.0,0,1501700,4,1,2,2,1
821,4,29.0,1.0,12,2,452480,113120.0,113120,113120,2015,8,1,3,3,3,3,1220740,305185.0,0,1087880,2,1,2,1,1
822,2,31.0,1.0,23,0,85202,42601.0,42601,42601,2019,7,1,1,1,1,1,0,0.0,0,0,1,1,1,1,0
824,1,40.0,1.0,9,0,32446,32446.0,32446,32446,2020,12,1,1,1,1,1,0,0.0,0,0,1,1,1,1,0
825,1,36.0,1.0,6,2,64187,64187.0,64187,64187,2020,12,3,3,3,3,3,0,0.0,0,0,1,1,1,1,0
826,6,28.0,0.0,24,0,424440,70740.0,70740,70740,2018,5,1,2,2,2,2,931110,155185.0,0,467240,1,1,1,1,1
827,3,32.0,0.0,28,2,201339,67113.0,67113,67113,2019,12,2,2,2,2,2,498520,166173.33333333334,0,498520,1,1,1,1,0
828,12,34.0,0.0,21,0,759576,63298.0,63298,63298,2020,1,3,3,3,3,3,4702900,391908.3333333333,0,1350000,3,1,2,1,0
829,3,38.0,1.0,15,0,165939,55313.0,55313,55313,2019,6,3,3,3,3,3,523440,174480.0,0,523440,1,1,1,1,1
830,6,27.0,0.0,3,2,484476,80746.0,80746,80746,2018,7,1,2,2,2,2,1548430,258071.66666666666,100160,755390,2,1,2,2,0
831,6,32.0,0.0,2,2,255528,42588.0,42588,42588,2019,7,1,1,1,1,1,543220,90536.66666666667,0,300710,2,1,1,2,1
832,20,41.0,1.0,16,0,1174940,58747.0,58747,58747,2018,6,1,1,1,1,1,14458810,722940.5,120000,1899780,4,2,2,4,0
834,1,36.0,0.0,20,1,83969,83969.0,83969,83969,2020,12,3,3,3,3,3,0,0.0,0,0,1,1,1,1,0
835,12,29.0,0.0,26,1,794148,66179.0,66179,66179,2019,12,2,2,2,2,2,5377060,448088.3333333333,0,3000000,4,1,1,1,0
836,4,41.0,0.0,29,0,254544,63636.0,63636,63636,2018,1,2,2,2,2,2,2335800,583950.0,0,1313730,2,1,2,2,1
838,2,41.0,1.0,11,2,105264,52632.0,52632,52632,2018,10,1,1,1,1,1,101070,50535.0,0,101070,1,1,1,1,1
839,6,47.0,0.0,16,0,320298,53383.0,53383,53383,2019,8,2,2,2,2,2,485450,80908.33333333333,0,485450,1,1,1,1,1
840,18,40.0,1.0,8,0,1598634,88813.0,88813,88813,2014,7,1,4,4,4,4,13019930,723329.4444444445,96620,4219980,2,1,2,2,0
841,4,33.0,1.0,20,1,232796,58199.0,58199,58199,2020,8,2,2,2,2,2,0,0.0,0,0,1,1,1,1,1
842,11,37.0,0.0,18,1,1335609,121419.0,121419,121419,2015,7,1,4,4,4,4,13855150,1259559.0909090908,447970,2223390,3,2,3,3,1
843,14,30.0,1.0,15,1,784490,56035.0,56035,56035,2018,2,1,2,2,2,2,11169660,797832.8571428572,0,5701940,4,1,2,2,1
844,3,31.0,0.0,26,0,63636,21212.0,21212,21212,2019,8,1,1,1,1,1,150160,50053.333333333336,0,150160,1,1,1,1,1
845,6,46.0,0.0,28,1,132114,22019.0,22019,22019,2020,5,2,2,2,2,2,985680,164280.0,0,348100,2,1,2,1,1
847,5,30.0,0.0,12,1,202045,40409.0,40409,40409,2019,9,2,2,2,2,2,0,0.0,0,0,1,1,1,1,1
848,9,28.0,1.0,28,1,412839,45871.0,45871,45871,2020,2,2,2,2,2,2,3247330,360814.44444444444,0,1441160,3,1,1,2,0
849,5,33.0,1.0,20,1,389515,77903.0,77903,77903,2020,7,3,3,3,3,3,1835070,367014.0,0,965280,3,1,1,1,1
850,16,36.0,0.0,1,2,1808608,113038.0,113038,113038,2015,6,2,4,4,4,4,6913080,432067.5,-82430,2381200,1,1,1,1,1
851,2,34.0,0.0,13,1,78262,39131.0,39131,39131,2018,11,1,1,1,1,1,101850,50925.0,0,101850,1,1,1,1,1
852,2,23.0,0.0,21,1,141462,70731.0,70731,70731,2020,4,2,2,2,2,2,0,0.0,0,0,1,1,1,1,1
853,5,33.0,1.0,13,0,147920,29584.0,29584,29584,2020,8,2,2,2,2,2,0,0.0,0,0,1,1,1,1,1
855,4,35.0,0.0,17,0,334096,83524.0,83524,83524,2020,5,2,2,2,2,2,0,0.0,0,0,1,1,1,1,1
856,12,37.0,1.0,22,0,1051932,87661.0,87661,87661,2016,4,1,3,3,3,3,8313520,692793.3333333334,0,2347690,3,1,3,1,1
858,4,37.0,0.0,21,1,302164,75541.0,75541,75541,2020,5,2,2,2,2,2,504150,126037.5,0,350620,1,1,1,1,1
859,3,23.0,0.0,17,2,78453,26151.0,26151,26151,2019,1,1,1,1,1,1,914870,304956.6666666667,0,813370,2,1,2,1,1
860,2,38.0,0.0,20,0,90538,45269.0,45269,45269,2018,7,1,1,1,1,1,378640,189320.0,0,378640,1,1,1,1,1
863,5,32.0,1.0,29,2,201475,40295.0,40295,40295,2019,8,1,1,1,1,1,126010,25202.0,0,126010,1,1,1,1,1
864,3,36.0,1.0,27,1,274806,91602.0,91602,91602,2019,6,2,4,4,4,4,0,0.0,0,0,1,1,1,1,1
865,5,30.0,1.0,10,2,614705,122941.0,122941,122941,2020,6,3,3,3,3,3,2300340,460068.0,0,1403480,3,1,3,1,0
866,4,47.0,0.0,2,0,116604,29151.0,29151,29151,2019,2,1,1,1,1,1,763920,190980.0,0,454900,2,1,2,2,0
867,2,30.0,1.0,1,0,71606,35803.0,35803,35803,2020,9,2,2,2,2,2,2417380,1208690.0,1008490,1408890,4,4,4,4,0
868,2,24.0,1.0,28,0,68994,34497.0,34497,34497,2018,12,2,2,2,2,2,-727330,-363665.0,-727330,0,1,1,1,1,0
869,5,37.0,0.0,8,0,142875,28575.0,28575,28575,2018,12,1,1,1,1,1,487460,97492.0,0,250000,1,1,1,1,0
870,19,37.0,1.0,29,1,1767000,93000.0,93000,93000,2015,7,1,3,3,3,3,11017400,579863.1578947369,81450,1331640,3,1,2,3,0
871,1,37.0,1.0,27,0,52753,52753.0,52753,52753,2020,1,2,2,2,2,2,0,0.0,0,0,1,1,1,1,1
873,12,33.0,1.0,28,2,1611624,134302.0,134302,134302,2019,3,1,4,4,4,4,27229390,2269115.8333333335,0,12200000,4,1,3,3,1
874,3,37.0,0.0,24,0,225399,75133.0,75133,75133,2020,4,3,3,3,3,3,0,0.0,0,0,1,1,1,1,0
875,4,36.0,1.0,4,1,375288,93822.0,93822,93822,2020,8,3,3,3,3,3,0,0.0,0,0,1,1,1,1,0
876,5,22.0,1.0,25,0,197210,39442.0,39442,39442,2018,7,1,2,2,2,2,1713110,342622.0,0,1036590,2,1,2,2,1
879,6,38.0,0.0,8,0,332658,55443.0,55443,55443,2018,7,1,2,2,2,2,2586520,431086.6666666667,0,1263120,2,1,1,2,0
881,2,32.0,0.0,16,0,122138,61069.0,61069,61069,2018,6,2,2,2,2,2,1253070,626535.0,518370,734700,2,2,2,2,1
882,15,31.0,0.0,13,0,1424175,94945.0,94945,94945,2013,10,2,4,4,4,4,549640,36642.666666666664,0,271680,1,1,1,1,1
883,1,32.0,0.0,27,0,50863,50863.0,50863,50863,2018,10,1,1,1,1,1,0,0.0,0,0,1,1,1,1,1
885,2,39.0,1.0,21,2,88482,44241.0,44241,44241,2020,10,2,2,2,2,2,0,0.0,0,0,1,1,1,1,0
886,2,36.0,1.0,2,2,63908,31954.0,31954,31954,2018,9,1,1,1,1,1,0,0.0,0,0,1,1,1,1,1
887,8,25.0,0.0,14,1,189960,23745.0,23745,23745,2019,11,1,1,1,1,1,2696060,337007.5,0,1052050,2,1,2,1,1
888,19,31.0,0.0,1,1,990695,52141.84210526316,57266,51539,2018,6,1,2,1,1,1,15550730,818459.4736842106,121270,2570230,4,3,3,4,0
889,6,32.0,0.0,28,1,287928,47988.0,47988,47988,2020,6,3,3,3,3,3,1100030,183338.33333333334,-150000,500030,1,1,1,1,0
890,15,34.0,1.0,5,0,651945,43463.0,43463,43463,2017,7,1,1,1,1,1,4551480,303432.0,0,604650,3,2,2,2,1
892,9,35.0,1.0,3,0,465525,51725.0,51725,51725,2017,9,2,2,2,2,2,6327940,703104.4444444445,0,2461520,3,1,3,2,1
893,16,50.0,1.0,10,0,1172928,73308.0,73308,73308,2016,5,1,2,2,2,2,9665700,604106.25,0,2299370,4,2,2,2,0
894,3,37.0,0.0,28,0,136026,45342.0,45342,45342,2019,1,3,3,3,3,3,0,0.0,0,0,1,1,1,1,1
895,4,31.0,0.0,14,2,139472,34868.0,34868,34868,2019,9,1,1,1,1,1,383150,95787.5,0,262530,1,1,1,1,0
896,2,32.0,1.0,18,2,45360,22680.0,22680,22680,2018,8,1,1,1,1,1,362330,181165.0,0,362330,1,1,1,1,1
897,2,51.0,0.0,4,1,77004,38502.0,38502,38502,2018,10,1,1,1,1,1,2300890,1150445.0,480450,1820440,4,4,4,4,0
899,3,29.0,0.0,20,0,85695,28565.0,28565,28565,2018,6,1,1,1,1,1,307100,102366.66666666667,0,295210,1,1,1,1,1
901,7,32.0,1.0,8,1,289674,41382.0,41382,41382,2018,11,2,2,2,2,2,1355620,193660.0,0,544500,2,1,1,2,0
902,2,28.0,0.0,28,1,111714,55857.0,55857,55857,2020,9,2,2,2,2,2,0,0.0,0,0,1,1,1,1,0
904,19,40.0,1.0,26,1,1922401,101179.0,101179,101179,2018,6,3,3,3,3,3,15221610,801137.3684210526,0,6500000,3,1,3,2,0
905,2,31.0,0.0,1,0,87662,43831.0,43831,43831,2020,7,2,2,2,2,2,0,0.0,0,0,1,1,1,1,0
906,14,36.0,1.0,18,1,1525958,108997.0,108997,108997,2019,8,3,3,3,3,3,10394450,742460.7142857143,0,2740000,4,1,2,1,0
907,2,36.0,1.0,20,1,78208,39104.0,39104,39104,2019,8,1,1,1,1,1,0,0.0,0,0,1,1,1,1,1
908,14,47.0,0.0,4,1,474362,33883.0,33883,33883,2018,10,1,2,2,2,2,7018200,501300.0,0,1623620,3,2,2,3,1
909,3,49.0,0.0,19,1,176421,58807.0,58807,58807,2018,7,2,2,2,2,2,740200,246733.33333333334,0,490200,1,1,1,1,1
910,8,36.0,0.0,2,2,354608,44326.0,44326,44326,2018,9,1,1,1,1,1,3521260,440157.5,0,1223440,3,2,2,3,0
912,3,38.0,0.0,8,0,197985,65995.0,65995,65995,2019,12,3,3,3,3,3,0,0.0,0,0,1,1,1,1,1
913,1,30.0,0.0,26,1,72974,72974.0,72974,72974,2020,12,3,3,3,3,3,0,0.0,0,0,1,1,1,1,0
914,4,26.0,1.0,5,2,180936,45234.0,45234,45234,2019,9,1,1,1,1,1,0,0.0,0,0,1,1,1,1,1
915,7,46.0,0.0,2,0,129584,18512.0,18512,18512,2016,1,1,1,1,1,1,1884520,269217.14285714284,-120350,715870,2,2,2,2,1
916,2,25.0,0.0,15,0,60272,30136.0,30136,30136,2019,9,1,1,1,1,1,0,0.0,0,0,1,1,1,1,1
917,7,25.0,0.0,22,2,422737,60391.0,60391,60391,2019,5,1,1,1,1,1,1066070,152295.7142857143,0,464900,4,1,1,1,1
919,2,28.0,1.0,13,2,79708,39854.0,39854,39854,2020,8,2,2,2,2,2,0,0.0,0,0,1,1,1,1,0
920,3,30.0,0.0,1,0,138351,46117.0,46117,46117,2019,10,2,2,2,2,2,0,0.0,0,0,1,1,1,1,0
921,2,34.0,1.0,11,2,111260,55630.0,55630,55630,2019,11,2,2,2,2,2,0,0.0,0,0,1,1,1,1,1
922,2,34.0,1.0,25,1,94968,47484.0,47484,47484,2018,10,1,1,1,1,1,102650,51325.0,0,102650,1,1,1,1,1
923,1,31.0,1.0,29,2,70339,70339.0,70339,70339,2020,1,2,2,2,2,2,0,0.0,0,0,1,1,1,1,0
924,8,25.0,0.0,24,2,480448,60056.0,60056,60056,2018,5,2,2,2,2,2,2228310,278538.75,0,700000,4,1,1,1,1
926,21,49.0,0.0,4,0,454566,21646.0,21646,21646,2016,1,1,2,2,2,2,10933560,520645.71428571426,0,2405000,3,2,2,2,0
927,6,29.0,0.0,29,2,368226,61371.0,61371,61371,2020,5,1,1,1,1,1,1130280,188380.0,0,840480,2,1,1,1,1
928,2,33.0,1.0,2,0,134472,67236.0,67236,67236,2020,1,3,3,3,3,3,0,0.0,0,0,1,1,1,1,1
929,1,31.0,0.0,4,1,20245,20245.0,20245,20245,2018,7,2,2,2,2,2,0,0.0,0,0,1,1,1,1,1
930,1,37.0,1.0,7,2,37285,37285.0,37285,37285,2018,10,1,1,1,1,1,-101180,-101180.0,-101180,-101180,1,1,1,1,1
931,9,29.0,1.0,12,0,534537,59393.0,59393,59393,2019,11,3,3,3,3,3,5512220,612468.8888888889,0,1181320,3,1,3,3,1
933,10,36.0,1.0,19,1,757650,75765.0,75765,75765,2019,11,3,3,3,3,3,8879070,887907.0,0,2353060,4,1,3,1,0
935,5,39.0,1.0,20,0,119115,23823.0,23823,23823,2018,10,1,1,1,1,1,12403340,2480668.0,0,7403340,4,1,4,4,1
936,4,27.0,0.0,3,2,170428,42607.0,42607,42607,2020,9,1,1,1,1,1,452140,113035.0,0,452140,1,1,1,1,0
937,2,32.0,0.0,13,0,73692,36846.0,36846,36846,2018,5,1,2,2,2,2,0,0.0,0,0,1,1,1,1,0
938,6,34.0,1.0,4,2,421980,70330.0,70330,70330,2020,3,3,3,3,3,3,1098190,183031.66666666666,0,797110,2,1,2,1,1
939,9,45.0,1.0,22,0,784377,87153.0,87153,87153,2015,7,1,4,4,4,4,2725880,302875.55555555556,-155410,514590,2,1,1,1,1
940,4,23.0,1.0,22,2,279888,69972.0,69972,69972,2020,5,1,1,1,1,1,163560,40890.0,0,163560,1,1,1,1,0
941,5,36.0,1.0,14,1,504465,100893.0,100893,100893,2020,5,3,3,3,3,3,523320,104664.0,0,523320,1,1,1,1,1
942,2,29.0,0.0,28,2,81376,40688.0,40688,40688,2020,2,2,2,2,2,2,0,0.0,0,0,1,1,1,1,0
943,18,53.0,0.0,22,0,448614,24923.0,24923,24923,2018,9,1,1,1,1,1,19272900,1070716.6666666667,110100,3555770,4,2,2,4,0
944,6,36.0,1.0,20,0,558558,93093.0,93093,93093,2017,7,1,3,3,3,3,1803600,300600.0,0,1046400,2,1,1,1,1
945,20,40.0,1.0,3,2,1660500,83025.0,83025,83025,2015,5,2,3,3,3,3,19325140,966257.0,62700,3665580,4,2,2,3,0
946,17,44.0,0.0,22,1,999651,58803.0,58803,58803,2016,4,1,2,2,2,2,13781610,810682.9411764706,0,4682640,4,2,2,3,0
947,4,30.0,1.0,6,1,297608,74402.0,74402,74402,2020,4,3,3,3,3,3,348340,87085.0,-141140,348340,1,1,1,1,1
948,2,35.0,1.0,12,2,49268,24634.0,24634,24634,2019,1,1,1,1,1,1,0,0.0,0,0,1,1,1,1,1
949,2,25.0,1.0,24,2,62784,31392.0,31392,31392,2020,5,1,1,1,1,1,0,0.0,0,0,1,1,1,1,1
951,8,41.0,0.0,13,0,563824,70478.0,70478,70478,2019,10,3,3,3,3,3,0,0.0,0,0,1,1,1,1,1
952,1,37.0,0.0,18,0,27483,27483.0,27483,27483,2020,11,1,1,1,1,1,200020,200020.0,200020,200020,2,2,2,2,0
953,3,26.0,0.0,13,0,51759,17253.0,17253,17253,2019,6,1,1,1,1,1,0,0.0,0,0,1,1,1,1,1
954,23,31.0,0.0,13,0,1011908,43996.0,43996,43996,2014,8,1,2,2,2,2,25050000,1089130.4347826086,304830,4508870,4,3,3,4,0
955,2,33.0,0.0,10,2,199786,99893.0,99893,99893,2020,3,3,3,3,3,3,0,0.0,0,0,1,1,1,1,0
956,14,30.0,0.0,22,1,412888,29492.0,29492,29492,2019,10,2,2,2,2,2,6383030,455930.71428571426,0,2898600,4,1,2,1,0
958,6,35.0,0.0,22,0,304794,50799.0,50799,50799,2020,6,2,2,2,2,2,320760,53460.0,0,320760,1,1,1,1,1
959,3,34.0,1.0,17,1,257055,85685.0,85685,85685,2020,7,3,3,3,3,3,0,0.0,0,0,2,1,2,2,0
960,7,39.0,1.0,3,2,755552,107936.0,107936,107936,2020,6,3,3,3,3,3,4933750,704821.4285714285,0,2000000,3,1,3,1,0
961,1,42.0,1.0,26,2,35996,35996.0,35996,35996,2018,12,1,1,1,1,1,0,0.0,0,0,1,1,1,1,1
962,1,37.0,0.0,9,1,45278,45278.0,45278,45278,2018,12,1,1,1,1,1,0,0.0,0,0,1,1,1,1,1
963,2,40.0,0.0,16,1,96966,48483.0,48483,48483,2020,10,1,1,1,1,1,0,0.0,0,0,1,1,1,1,0
964,6,31.0,0.0,8,0,280074,46679.0,46679,46679,2019,7,2,2,2,2,2,0,0.0,0,0,1,1,1,1,1
965,3,42.0,0.0,20,2,223548,74516.0,74516,74516,2016,5,1,2,2,2,2,3676150,1225383.3333333333,773320,1520290,3,3,3,3,0
967,1,45.0,0.0,11,2,59526,59526.0,59526,59526,2018,10,2,2,2,2,2,0,0.0,0,0,1,1,1,1,1
968,4,26.0,0.0,4,1,83140,20785.0,20785,20785,2018,9,1,1,1,1,1,636910,159227.5,102080,242210,1,1,1,1,0
970,3,38.0,0.0,4,0,250050,83350.0,83350,83350,2020,9,3,3,3,3,3,0,0.0,0,0,1,1,1,1,1
971,1,26.0,0.0,29,2,61982,61982.0,61982,61982,2018,11,3,3,3,3,3,201820,201820.0,201820,201820,1,1,1,1,0
972,7,52.0,0.0,1,0,330358,47194.0,47194,47194,2016,1,1,2,2,2,2,1978160,282594.28571428574,0,1028160,2,1,2,1,1
973,19,47.0,0.0,22,0,1719196,90484.0,90484,90484,2015,7,1,3,3,3,3,14465010,761316.3157894737,-81550,2108200,4,2,2,2,0
974,5,23.0,1.0,8,1,152305,30461.0,30461,30461,2018,8,1,1,1,1,1,2537350,507470.0,0,1208550,3,1,1,1,1
975,3,38.0,1.0,7,1,101163,33721.0,33721,33721,2019,9,1,1,1,1,1,197200,65733.33333333333,0,197200,1,1,1,1,1
977,12,31.0,1.0,16,1,339564,28297.0,28297,28297,2019,10,1,1,1,1,1,13942630,1161885.8333333333,0,3665120,4,1,3,3,1
978,1,32.0,0.0,12,2,60185,60185.0,60185,60185,2019,1,2,2,2,2,2,0,0.0,0,0,1,1,1,1,1
979,7,28.0,1.0,23,2,291340,41620.0,41620,41620,2019,7,1,1,1,1,1,1590090,227155.7142857143,0,990000,3,1,1,2,1
980,3,36.0,0.0,27,2,147831,49277.0,49277,49277,2020,9,2,2,2,2,2,0,0.0,0,0,1,1,1,1,1
981,6,40.0,1.0,14,0,432708,72118.0,72118,72118,2020,6,3,3,3,3,3,1118270,186378.33333333334,0,473090,1,1,1,1,0
982,3,31.0,0.0,12,1,182016,60672.0,60672,60672,2020,7,3,3,3,3,3,309120,103040.0,0,309120,1,1,1,1,0
984,12,29.0,0.0,22,2,636696,53058.0,53058,53058,2018,5,1,2,2,2,2,15123920,1260326.6666666667,178200,5514020,4,1,1,3,0
985,6,28.0,0.0,25,1,294186,49031.0,49031,49031,2016,12,1,1,1,1,1,844740,140790.0,0,497470,2,1,2,1,1
988,3,35.0,0.0,10,1,182391,60797.0,60797,60797,2020,8,3,3,3,3,3,0,0.0,0,0,1,1,1,1,0
990,20,43.0,1.0,17,1,2396120,119806.0,119806,119806,2015,12,1,4,4,4,4,23104530,1155226.5,267270,4129340,3,2,2,2,0
991,10,31.0,0.0,23,1,618230,61823.0,61823,61823,2020,1,2,2,2,2,2,11592920,1159292.0,0,3251060,4,3,4,3,0
992,14,46.0,0.0,7,1,729162,52083.0,52083,52083,2019,7,1,1,1,1,1,4052890,289492.14285714284,0,572880,2,1,2,2,0
994,4,32.0,0.0,20,2,158008,39502.0,39502,39502,2017,12,2,2,2,2,2,1539590,384897.5,0,761970,2,1,2,2,1
995,4,31.0,0.0,17,1,277672,69418.0,69418,69418,2016,5,1,3,3,3,3,329480,82370.0,0,229480,1,1,1,1,1
996,2,37.0,0.0,6,2,92268,46134.0,46134,46134,2018,5,1,1,1,1,1,213560,106780.0,0,213560,1,1,1,1,1
997,6,28.0,0.0,14,0,243924,40654.0,40654,40654,2017,10,2,2,2,2,2,1577320,262886.6666666667,0,554100,2,1,2,2,1
998,5,32.0,0.0,19,0,188085,37617.0,37617,37617,2018,6,1,1,1,1,1,1033030,206606.0,0,704840,2,1,1,2,1
999,5,23.0,1.0,20,1,184055,36811.0,36811,36811,2020,5,2,2,2,2,2,814770,162954.0,0,274440,2,1,2,2,0
1000,3,28.0,1.0,3,2,168048,56016.0,56016,56016,2019,11,1,1,1,1,1,0,0.0,0,0,1,1,1,1,0
1001,7,38.0,1.0,25,2,889490,127070.0,127070,127070,2018,1,2,3,3,3,3,1491050,213007.14285714287,0,541040,2,1,2,1,1
1002,3,29.0,0.0,3,0,174831,58277.0,58277,58277,2018,12,1,1,1,1,1,194320,64773.333333333336,0,194320,1,1,1,1,1
1003,2,28.0,0.0,18,0,23412,11706.0,11706,11706,2018,8,1,1,1,1,1,470150,235075.0,0,470150,1,1,1,1,0
1004,1,31.0,0.0,14,0,58588,58588.0,58588,58588,2018,11,2,2,2,2,2,200000,200000.0,200000,200000,1,1,1,1,0
1005,2,30.0,1.0,8,0,117080,58540.0,58540,58540,2018,8,1,1,1,1,1,0,0.0,0,0,1,1,1,1,1
1007,5,31.0,0.0,20,2,439050,87810.0,87810,87810,2020,5,2,2,2,2,2,374280,74856.0,0,240480,1,1,1,1,0
1008,3,23.0,0.0,27,1,101493,33831.0,33831,33831,2019,11,1,1,1,1,1,0,0.0,0,0,1,1,1,1,1
1009,6,41.0,1.0,19,0,392784,65464.0,65464,65464,2019,8,3,3,3,3,3,1393990,232331.66666666666,0,893990,1,1,1,1,0
1010,18,34.0,1.0,27,1,2163384,120188.0,120188,120188,2013,9,1,4,4,4,4,30717100,1706505.5555555555,0,10305800,4,1,4,4,1
1011,2,30.0,0.0,12,2,153552,76776.0,76776,76776,2020,7,2,2,2,2,2,361740,180870.0,0,361740,1,1,1,1,0
1012,3,39.0,0.0,8,0,150843,50281.0,50281,50281,2020,6,3,3,3,3,3,0,0.0,0,0,1,1,1,1,0
1013,12,29.0,1.0,14,2,371160,30930.0,30930,30930,2019,8,1,1,1,1,1,5437420,453118.3333333333,0,1187740,4,1,3,2,0
1014,3,26.0,0.0,2,0,181188,60396.0,60396,60396,2020,9,3,3,3,3,3,883390,294463.3333333333,0,482850,2,2,2,2,0
1015,4,32.0,0.0,9,2,348188,87047.0,87047,87047,2020,8,3,3,3,3,3,181670,45417.5,0,181670,1,1,1,1,0
1016,4,47.0,1.0,12,2,330816,82704.0,82704,82704,2015,10,1,2,2,2,2,1138250,284562.5,201120,406000,2,1,2,2,0
1017,5,41.0,1.0,14,2,289345,57869.0,57869,57869,2015,9,2,2,2,2,2,1658610,331722.0,0,720000,2,1,1,2,1
1019,3,32.0,1.0,19,2,97956,32652.0,32652,32652,2020,9,2,2,2,2,2,0,0.0,0,0,1,1,1,1,0
1020,1,38.0,0.0,24,1,22245,22245.0,22245,22245,2019,7,3,3,3,3,3,400000,400000.0,400000,400000,2,2,2,2,1
1021,4,38.0,0.0,29,0,100424,25106.0,25106,25106,2020,6,1,1,1,1,1,0,0.0,-150800,150800,1,1,1,1,1
1023,3,27.0,0.0,26,2,239778,79926.0,79926,79926,2019,12,3,3,3,3,3,0,0.0,0,0,3,1,1,3,0
1024,1,27.0,1.0,19,2,24582,24582.0,24582,24582,2020,5,1,1,1,1,1,0,0.0,0,0,1,1,1,1,1
1027,1,25.0,1.0,19,1,27607,27607.0,27607,27607,2019,8,1,1,1,1,1,0,0.0,0,0,1,1,1,1,1
1028,1,26.0,0.0,15,2,63844,63844.0,63844,63844,2020,6,2,2,2,2,2,0,0.0,0,0,1,1,1,1,0
1030,1,28.0,0.0,2,2,20101,20101.0,20101,20101,2018,9,1,1,1,1,1,0,0.0,0,0,1,1,1,1,1
1031,20,45.0,0.0,7,1,1256702,62835.1,68434,62213,2014,11,2,3,2,2,2,21467220,1073361.0,108870,6762730,4,2,3,3,0
1032,4,30.0,0.0,7,0,68000,17000.0,17000,17000,2020,7,1,1,1,1,1,971480,242870.0,0,405540,2,1,2,1,0
1033,11,28.0,0.0,12,0,458755,41705.0,41705,41705,2019,11,1,1,1,1,1,3099610,281782.7272727273,0,907100,2,1,1,1,1
1035,15,38.0,1.0,7,2,775200,51680.0,51680,51680,2018,8,2,2,2,2,2,7412050,494136.6666666667,0,2957590,4,1,4,1,1
1036,3,39.0,1.0,17,2,96789,32263.0,32263,32263,2020,4,3,3,3,3,3,0,0.0,0,0,1,1,1,1,1
1037,19,37.0,1.0,10,2,2572866,135414.0,135414,135414,2016,4,1,4,4,4,4,24834710,1307090.0,277630,6957570,4,2,2,2,0
1038,3,31.0,0.0,4,1,64629,21543.0,21543,21543,2019,11,3,3,3,3,3,204150,68050.0,0,204150,1,1,1,1,1
1039,14,45.0,0.0,26,1,1932966,138069.0,138069,138069,2015,7,2,4,4,4,4,14657170,1046940.7142857143,0,3928540,2,1,1,2,0
1040,2,32.0,0.0,11,2,125496,62748.0,62748,62748,2019,9,2,2,2,2,2,0,0.0,0,0,1,1,1,1,1
1041,4,38.0,1.0,18,1,197772,49443.0,49443,49443,2020,6,3,3,3,3,3,0,0.0,0,0,1,1,1,1,1
1043,18,34.0,0.0,12,1,1676178,93121.0,93121,93121,2015,5,2,3,3,3,3,12883290,715738.3333333334,0,2742140,4,1,2,2,0
1046,9,34.0,0.0,2,2,685782,76198.0,76198,76198,2013,10,2,3,3,3,3,8860950,984550.0,-3400,2658790,3,1,1,3,1
1048,2,37.0,1.0,1,2,105336,52668.0,52668,52668,2020,7,2,2,2,2,2,0,0.0,0,0,1,1,1,1,1
1049,13,28.0,0.0,26,2,484614,37278.0,37278,37278,2018,5,1,1,1,1,1,4956700,381284.6153846154,-41460,2033590,4,1,1,2,1
1050,17,32.0,1.0,28,1,546102,32123.647058823528,35462,31915,2018,1,1,2,1,1,1,9879670,581157.0588235294,0,2360020,4,1,2,3,0
1051,21,34.0,1.0,5,2,1627143,77483.0,77483,77483,2016,4,1,2,2,2,2,12590140,599530.4761904762,0,1841790,3,2,3,2,0
1054,5,37.0,1.0,2,1,464700,92940.0,92940,92940,2020,8,3,3,3,3,3,989800,197960.0,0,592390,1,1,1,1,0
1055,1,33.0,0.0,6,2,70772,70772.0,70772,70772,2018,5,2,2,2,2,2,250000,250000.0,250000,250000,1,1,1,1,0
1056,2,32.0,0.0,5,2,185426,92713.0,92713,92713,2020,9,2,2,2,2,2,1796700,898350.0,0,1796700,4,1,4,1,0
1057,12,33.0,0.0,29,1,630636,52553.0,52553,52553,2019,11,3,3,3,3,3,11591470,965955.8333333334,0,1951140,4,1,1,4,0
1058,6,37.0,1.0,7,0,286176,47696.0,47696,47696,2019,12,2,2,2,2,2,754590,125765.0,0,304590,1,1,1,1,1
1059,4,28.0,0.0,2,2,181320,45330.0,45330,45330,2018,7,1,1,1,1,1,219800,54950.0,0,219800,1,1,1,1,0
1060,5,32.0,0.0,29,1,401450,80290.0,80290,80290,2019,8,2,2,2,2,2,0,0.0,0,0,1,1,1,1,1
1061,4,27.0,0.0,10,1,99728,24932.0,24932,24932,2019,12,1,1,1,1,1,0,0.0,0,0,1,1,1,1,1
1062,1,29.0,1.0,5,0,69071,69071.0,69071,69071,2020,3,2,2,2,2,2,0,0.0,0,0,1,1,1,1,1
1063,13,37.0,0.0,20,2,1072539,82503.0,82503,82503,2019,11,3,3,3,3,3,5029620,386893.8461538461,0,1728640,3,1,3,2,1
1064,7,34.0,0.0,27,0,734762,104966.0,104966,104966,2019,7,3,3,3,3,3,2628700,375528.5714285714,0,2628700,1,1,1,1,0
1065,8,46.0,0.0,4,2,611736,76467.0,76467,76467,2013,9,2,3,3,3,3,3028210,378526.25,0,2273830,2,1,1,1,0
1066,3,29.0,0.0,29,0,78759,26253.0,26253,26253,2020,9,1,1,1,1,1,317440,105813.33333333333,0,194600,1,1,1,1,0
1067,2,41.0,0.0,6,2,137192,68596.0,68596,68596,2016,4,1,3,3,3,3,1753340,876670.0,870190,883150,1,1,1,1,0
1069,5,36.0,1.0,6,0,279170,55834.0,55834,55834,2018,12,2,2,2,2,2,679170,135834.0,0,315130,2,1,1,2,1
1070,4,33.0,0.0,8,2,406552,101638.0,101638,101638,2020,6,3,3,3,3,3,597080,149270.0,0,396840,2,1,1,1,0
1072,18,27.0,0.0,16,2,1001664,55648.0,55648,55648,2016,11,1,1,1,1,1,5276020,293112.22222222225,0,1022030,3,2,3,3,0
1073,4,26.0,0.0,20,1,268596,67149.0,67149,67149,2020,7,1,1,1,1,1,2174480,543620.0,0,2174480,4,1,1,4,0
1075,1,39.0,0.0,14,1,52480,52480.0,52480,52480,2018,7,2,2,2,2,2,0,0.0,0,0,1,1,1,1,0
1076,7,29.0,0.0,13,1,362859,51837.0,51837,51837,2019,11,1,1,1,1,1,1305290,186470.0,0,544450,2,1,1,2,0
1077,20,26.0,1.0,3,0,855360,42768.0,42768,42768,2018,5,1,1,1,1,1,12605940,630297.0,150440,1175230,4,2,3,3,0
1078,7,38.0,0.0,25,0,220780,31540.0,31540,31540,2020,5,3,3,3,3,3,1437830,205404.2857142857,0,587780,2,1,1,1,0
1079,4,40.0,0.0,20,0,339492,84873.0,84873,84873,2020,6,3,3,3,3,3,0,0.0,0,0,1,1,1,1,1
1080,4,36.0,0.0,9,1,190376,47594.0,47594,47594,2018,10,1,1,1,1,1,0,0.0,0,0,1,1,1,1,0
1081,1,24.0,1.0,5,2,55551,55551.0,55551,55551,2018,5,1,1,1,1,1,0,0.0,0,0,1,1,1,1,1
1082,5,35.0,1.0,27,1,175395,35079.0,35079,35079,2020,4,2,2,2,2,2,434400,86880.0,0,245280,1,1,1,1,1
1083,5,26.0,1.0,28,1,302085,60417.0,60417,60417,2019,10,1,1,1,1,1,0,0.0,0,0,1,1,1,1,1
1084,5,30.0,0.0,1,2,247605,49521.0,49521,49521,2019,1,1,1,1,1,1,455030,91006.0,0,334040,1,1,1,1,1
1085,5,35.0,1.0,3,2,313185,62637.0,62637,62637,2018,10,2,2,2,2,2,2155780,431156.0,0,1093970,2,1,2,1,1
1086,4,35.0,0.0,25,1,378076,94519.0,94519,94519,2020,8,2,2,2,2,2,0,0.0,0,0,1,1,1,1,1
1087,5,35.0,0.0,3,0,449270,89854.0,89854,89854,2020,7,3,3,3,3,3,2553260,510652.0,0,2553260,3,1,3,3,0
1089,3,37.0,0.0,11,2,182715,60905.0,60905,60905,2020,4,1,1,1,1,1,0,0.0,0,0,1,1,1,1,1
1090,19,39.0,0.0,13,0,1838250,96750.0,96750,96750,2014,6,2,4,4,4,4,40871220,2151116.8421052634,250010,9325530,4,2,3,2,0
1091,8,31.0,1.0,22,2,365760,45720.0,45720,45720,2018,1,1,1,1,1,1,5514720,689340.0,54880,2223620,4,1,4,2,1
1092,14,31.0,1.0,16,0,505652,36118.0,36118,36118,2018,2,1,1,1,1,1,6006410,429029.28571428574,0,1589000,4,2,2,2,1
1093,23,37.0,0.0,1,1,1790113,77831.0,77831,77831,2015,7,1,3,3,3,3,17131450,744845.6521739131,121300,5567290,3,2,2,2,0
1094,6,41.0,1.0,8,0,338082,56347.0,56347,56347,2018,8,2,2,2,2,2,455250,75875.0,0,255250,2,1,1,2,1
1095,7,24.0,1.0,20,2,213094,30442.0,30442,30442,2018,5,1,1,1,1,1,352150,50307.142857142855,0,247290,2,1,1,1,1
1096,3,26.0,0.0,14,0,220089,73363.0,73363,73363,2020,5,2,2,2,2,2,0,0.0,0,0,1,1,1,1,1
1097,5,35.0,0.0,5,1,348970,69794.0,69794,69794,2020,7,2,2,2,2,2,2280790,456158.0,0,1230830,4,1,1,4,0
1098,7,40.0,0.0,10,1,291137,41591.0,41591,41591,2020,5,3,3,3,3,3,1016780,145254.2857142857,0,800000,2,1,1,2,1
1099,5,32.0,1.0,3,0,307065,61413.0,61413,61413,2020,8,2,2,2,2,2,1769360,353872.0,0,762370,2,2,2,2,0
1101,6,33.0,0.0,25,2,159552,26592.0,26592,26592,2018,9,1,1,1,1,1,1364550,227425.0,0,504320,3,1,2,1,1
1102,3,31.0,0.0,7,2,219735,73245.0,73245,73245,2020,7,3,3,3,3,3,0,0.0,0,0,1,1,1,1,1
1103,4,26.0,0.0,1,2,161272,40318.0,40318,40318,2020,8,1,1,1,1,1,0,0.0,0,0,1,1,1,1,1
1104,7,32.0,1.0,7,2,515158,73594.0,73594,73594,2020,6,3,3,3,3,3,9271700,1324528.5714285714,0,2445760,4,1,4,4,1
1105,2,42.0,0.0,6,0,118336,59168.0,59168,59168,2018,6,1,1,1,1,1,159100,79550.0,0,159100,2,2,2,2,1
1106,22,37.0,0.0,21,1,1082246,49193.0,49193,49193,2016,1,1,2,2,2,2,16677400,758063.6363636364,0,4206070,4,1,3,3,0
1107,2,39.0,0.0,20,2,131266,65633.0,65633,65633,2020,11,3,3,3,3,3,0,0.0,0,0,1,1,1,1,0
1108,4,32.0,0.0,15,1,188752,47188.0,47188,47188,2018,10,1,1,1,1,1,772720,193180.0,0,503000,2,1,2,1,1
1109,19,37.0,1.0,27,0,1687162,88798.0,88798,88798,2015,12,1,3,3,3,3,17095580,899767.3684210526,343220,2687720,4,2,2,3,0
1110,2,26.0,0.0,18,1,82334,41167.0,41167,41167,2019,12,1,1,1,1,1,0,0.0,0,0,1,1,1,1,0
1111,19,40.0,0.0,28,2,2909071,153109.0,153109,153109,2013,6,3,4,4,4,4,35241100,1854794.7368421052,0,11419070,4,1,3,2,0
1112,2,38.0,1.0,13,2,54864,27432.0,27432,27432,2018,9,1,1,1,1,1,335450,167725.0,0,335450,2,1,1,2,1
1113,7,36.0,0.0,9,2,355383,50769.0,50769,50769,2019,10,1,1,1,1,1,703470,100495.71428571429,0,303470,1,1,1,1,1
1114,4,34.0,1.0,9,1,343124,85781.0,85781,85781,2020,8,3,3,3,3,3,1765870,441467.5,0,1389190,2,1,2,1,0
1115,3,31.0,0.0,16,2,193332,64444.0,64444,64444,2020,9,2,2,2,2,2,0,0.0,0,0,1,1,1,1,0
1116,4,35.0,0.0,17,1,358340,89585.0,89585,89585,2020,7,2,2,2,2,2,300900,75225.0,0,300900,2,1,1,2,0
1117,2,34.0,0.0,26,2,105980,52990.0,52990,52990,2018,8,2,2,2,2,2,276220,138110.0,0,276220,1,1,1,1,1
1118,5,29.0,0.0,7,0,247050,49410.0,49410,49410,2020,7,2,2,2,2,2,14970770,2994154.0,1041600,6619100,4,4,4,4,0
1119,12,29.0,1.0,21,1,498972,41581.0,41581,41581,2019,11,1,1,1,1,1,14765180,1230431.6666666667,0,3634720,4,2,4,4,0
1122,2,30.0,0.0,18,1,161182,80591.0,80591,80591,2019,10,3,3,3,3,3,0,0.0,0,0,1,1,1,1,1
1123,11,43.0,1.0,20,1,606232,55112.0,55112,55112,2016,4,1,2,2,2,2,7199000,654454.5454545454,145510,1360100,4,1,3,4,1
1125,3,34.0,1.0,18,0,215931,71977.0,71977,71977,2020,9,3,3,3,3,3,977970,325990.0,0,527560,2,2,2,2,0
1126,2,38.0,0.0,25,1,87494,43747.0,43747,43747,2020,4,2,2,2,2,2,0,0.0,0,0,1,1,1,1,1
1129,10,33.0,0.0,6,0,730870,73087.0,73087,73087,2018,6,1,2,2,2,2,8182410,818241.0,0,2561650,4,2,4,2,1
1130,4,27.0,0.0,4,1,185856,46464.0,46464,46464,2019,10,1,1,1,1,1,0,0.0,0,0,1,1,1,1,1
1131,2,24.0,1.0,19,0,136618,68309.0,68309,68309,2018,5,1,2,2,2,2,0,0.0,0,0,1,1,1,1,1
1133,6,32.0,1.0,27,2,264372,44062.0,44062,44062,2020,2,1,1,1,1,1,479380,79896.66666666667,0,479380,1,1,1,1,1
1134,5,34.0,0.0,19,1,560330,112066.0,112066,112066,2019,8,3,3,3,3,3,1436020,287204.0,0,940740,2,1,1,1,1
1136,1,35.0,1.0,17,0,50118,50118.0,50118,50118,2018,11,2,2,2,2,2,0,0.0,0,0,1,1,1,1,1
1137,3,33.0,0.0,21,1,306525,102175.0,102175,102175,2020,8,3,3,3,3,3,1023820,341273.3333333333,0,1023820,2,1,2,1,1
1138,2,31.0,0.0,24,2,162880,81440.0,81440,81440,2020,5,3,3,3,3,3,0,0.0,0,0,1,1,1,1,1
1139,19,35.0,1.0,25,0,948841,49939.0,49939,49939,2018,11,1,1,1,1,1,9282850,488571.05263157893,0,3267760,4,1,3,2,0
1140,1,25.0,0.0,29,1,46856,46856.0,46856,46856,2018,8,1,1,1,1,1,0,0.0,0,0,1,1,1,1,0
1141,3,37.0,1.0,8,2,183399,61133.0,61133,61133,2018,9,3,3,3,3,3,130680,43560.0,0,130680,1,1,1,1,1
1143,9,32.0,0.0,29,2,277740,30860.0,30860,30860,2018,5,1,2,2,2,2,3182520,353613.3333333333,0,1076080,3,1,2,3,0
1144,7,34.0,0.0,4,2,485884,69412.0,69412,69412,2020,5,2,2,2,2,2,4222230,603175.7142857143,0,1608480,4,1,3,4,0
1145,1,31.0,0.0,20,2,60118,60118.0,60118,60118,2020,11,2,2,2,2,2,0,0.0,0,0,1,1,1,1,0
1146,5,34.0,0.0,26,1,137740,27548.0,27548,27548,2020,1,2,2,2,2,2,0,0.0,0,0,1,1,1,1,1
1147,20,37.0,1.0,29,0,1395780,69789.0,69789,69789,2015,10,2,4,4,4,4,23094490,1154724.5,154690,3157740,3,1,2,1,0
1149,9,35.0,1.0,28,1,738702,82078.0,82078,82078,2020,3,3,3,3,3,3,4048630,449847.77777777775,0,1061120,2,2,2,2,0
1150,7,35.0,1.0,1,2,270004,38572.0,38572,38572,2020,3,2,2,2,2,2,817270,116752.85714285714,0,817270,2,1,1,2,1
1151,4,33.0,0.0,8,0,415976,103994.0,103994,103994,2019,8,4,4,4,4,4,140880,35220.0,0,140880,1,1,1,1,0
1152,3,34.0,1.0,23,0,52821,17607.0,17607,17607,2019,1,2,2,2,2,2,134760,44920.0,0,134760,1,1,1,1,1
1153,1,34.0,1.0,9,2,108284,108284.0,108284,108284,2020,11,3,3,3,3,3,0,0.0,0,0,1,1,1,1,0
1154,4,33.0,0.0,12,0,120424,30106.0,30106,30106,2018,11,1,1,1,1,1,104650,26162.5,0,104650,1,1,1,1,1
1155,2,25.0,1.0,16,2,103592,51796.0,51796,51796,2018,11,1,1,1,1,1,215800,107900.0,0,215800,1,1,1,1,1
1156,4,31.0,0.0,27,1,184956,46239.0,46239,46239,2018,9,1,1,1,1,1,443750,110937.5,0,231340,1,1,1,1,0
1157,1,31.0,0.0,3,2,57356,57356.0,57356,57356,2020,12,1,1,1,1,1,0,0.0,0,0,1,1,1,1,0
1158,11,33.0,1.0,24,1,691955,62905.0,62905,62905,2019,8,3,3,3,3,3,2356380,214216.36363636365,0,626620,2,1,2,1,1
1159,4,34.0,0.0,10,2,202188,50547.0,50547,50547,2020,8,3,3,3,3,3,496090,124022.5,0,254190,2,1,1,1,0
1160,4,28.0,0.0,7,0,51116,12779.0,12779,12779,2020,2,1,1,1,1,1,0,0.0,0,0,1,1,1,1,1
1161,20,30.0,0.0,12,1,1249436,62471.8,67371,61247,2017,2,1,3,2,2,2,14712300,735615.0,-50570,2422120,4,1,3,3,0
1162,1,36.0,0.0,21,2,114416,114416.0,114416,114416,2020,12,3,3,3,3,3,0,0.0,0,0,1,1,1,1,0
1163,2,24.0,1.0,8,0,45924,22962.0,22962,22962,2018,9,1,1,1,1,1,457120,228560.0,0,457120,1,1,1,1,1
1164,17,34.0,1.0,7,2,550392,32376.0,32376,32376,2017,8,1,1,1,1,1,6890740,405337.64705882355,0,1591010,3,2,2,3,1
1165,17,39.0,1.0,16,1,1547156,91009.17647058824,98374,89431,2018,10,1,3,2,2,2,22311800,1312458.8235294118,236520,5525300,4,2,3,3,0
1166,4,35.0,0.0,10,1,73512,18378.0,18378,18378,2020,8,1,1,1,1,1,0,0.0,0,0,1,1,1,1,1
1167,6,29.0,0.0,23,0,137370,22895.0,22895,22895,2017,8,1,2,2,2,2,1548770,258128.33333333334,0,800000,2,1,1,1,1
1169,4,33.0,0.0,21,1,380752,95188.0,95188,95188,2020,7,3,3,3,3,3,501230,125307.5,0,301170,2,1,2,1,0
1172,6,28.0,0.0,9,1,456456,76076.0,76076,76076,2019,12,2,2,2,2,2,2675260,445876.6666666667,0,1721260,2,1,1,1,1
1173,15,41.0,0.0,22,2,394515,26301.0,26301,26301,2016,5,1,1,1,1,1,5984010,398934.0,0,1677270,4,1,2,1,0
1175,7,42.0,1.0,27,2,368116,52588.0,52588,52588,2017,12,1,1,1,1,1,2227490,318212.85714285716,0,929400,3,2,3,2,1
1177,11,26.0,0.0,27,0,254034,23094.0,23094,23094,2019,11,1,1,1,1,1,7537660,685241.8181818182,0,1450740,4,1,1,3,0
1178,9,42.0,0.0,16,1,647766,71974.0,71974,71974,2020,3,3,3,3,3,3,832620,92513.33333333333,0,579690,2,1,2,1,0
1179,18,52.0,1.0,18,1,1407600,78200.0,78200,78200,2017,1,1,3,3,3,3,10254390,569688.3333333334,126220,1514320,4,2,2,3,0
1180,3,33.0,1.0,16,1,199248,66416.0,66416,66416,2020,6,2,2,2,2,2,0,0.0,0,0,1,1,1,1,1
1181,22,34.0,1.0,22,1,2696188,122554.0,122554,122554,2015,11,1,4,4,4,4,50135480,2278885.4545454546,193950,13588750,4,2,4,2,0
1182,2,38.0,0.0,24,0,150998,75499.0,75499,75499,2020,6,3,3,3,3,3,0,0.0,0,0,1,1,1,1,1
1183,3,35.0,0.0,12,0,299628,99876.0,99876,99876,2020,1,3,3,3,3,3,0,0.0,0,0,1,1,1,1,1
1185,8,27.0,0.0,24,2,314624,39328.0,39328,39328,2018,2,1,1,1,1,1,2185120,273140.0,0,1005560,2,2,2,2,1
1186,1,30.0,1.0,27,1,64699,64699.0,64699,64699,2018,2,2,3,3,3,3,0,0.0,0,0,1,1,1,1,1
1187,5,30.0,1.0,8,2,549930,109986.0,109986,109986,2019,7,3,3,3,3,3,900420,180084.0,0,600000,2,1,1,2,1
1188,17,33.0,1.0,8,0,1717085,101005.0,101005,101005,2013,5,2,4,4,4,4,19574780,1151457.6470588236,150620,4119030,3,1,3,2,0
1189,3,26.0,0.0,19,1,47910,15970.0,15970,15970,2020,4,1,1,1,1,1,0,0.0,0,0,1,1,1,1,0
1190,2,28.0,0.0,1,0,123982,61991.0,61991,61991,2020,10,2,2,2,2,2,203920,101960.0,0,203920,3,3,3,3,0
1191,22,37.0,0.0,7,2,2611884,118722.0,118722,118722,2017,6,1,4,4,4,4,32808180,1491280.9090909092,197230,5667820,3,1,2,2,0
1192,3,24.0,1.0,5,2,63702,21234.0,21234,21234,2019,7,1,1,1,1,1,0,0.0,0,0,1,1,1,1,1
1193,6,29.0,0.0,28,2,300132,50022.0,50022,50022,2019,11,2,2,2,2,2,521860,86976.66666666667,0,450320,1,1,1,1,1
1194,1,24.0,1.0,15,0,61727,61727.0,61727,61727,2020,12,2,2,2,2,2,0,0.0,0,0,1,1,1,1,0
1195,1,33.0,1.0,27,1,55949,55949.0,55949,55949,2020,12,2,2,2,2,2,0,0.0,0,0,1,1,1,1,0
1196,4,26.0,0.0,23,0,187156,46789.0,46789,46789,2018,11,2,2,2,2,2,13870,3467.5,-137130,151000,1,1,1,1,1
1197,6,22.0,1.0,6,0,156498,26083.0,26083,26083,2019,6,1,1,1,1,1,0,0.0,0,0,2,1,2,1,1
1198,3,32.0,0.0,4,2,212697,70899.0,70899,70899,2020,8,2,2,2,2,2,1102990,367663.3333333333,0,912440,3,1,1,1,0
1199,2,25.0,0.0,28,0,38490,19245.0,19245,19245,2020,9,1,1,1,1,1,0,0.0,0,0,1,1,1,1,0
1200,7,38.0,0.0,20,1,750246,107178.0,107178,107178,2020,5,3,3,3,3,3,2599270,371324.28571428574,0,1602460,3,1,3,1,0
1201,2,42.0,0.0,22,2,86610,43305.0,43305,43305,2020,11,2,2,2,2,2,0,0.0,0,0,1,1,1,1,0
1202,3,30.0,1.0,10,2,227205,75735.0,75735,75735,2018,6,2,2,2,2,2,564380,188126.66666666666,90600,357430,1,1,1,1,0
1203,3,28.0,0.0,22,1,154299,51433.0,51433,51433,2020,8,2,2,2,2,2,0,0.0,0,0,1,1,1,1,1
1204,18,37.0,0.0,18,0,720630,40035.0,40035,40035,2018,5,1,1,1,1,1,7267150,403730.55555555556,0,1265430,3,1,1,3,1
1205,13,28.0,0.0,14,1,1241045,95465.0,95465,95465,2018,7,2,2,2,2,2,14861920,1143224.6153846155,150000,3749930,4,3,3,3,0
1206,15,42.0,1.0,15,1,996388,66425.86666666667,72584,65986,2019,6,2,3,2,2,3,14337820,955854.6666666666,0,3264900,4,1,3,3,0
1208,1,30.0,0.0,10,2,36558,36558.0,36558,36558,2019,1,1,1,1,1,1,0,0.0,0,0,1,1,1,1,0
1209,1,35.0,0.0,21,1,62599,62599.0,62599,62599,2020,11,3,3,3,3,3,0,0.0,0,0,1,1,1,1,0
1210,1,37.0,0.0,25,0,59653,59653.0,59653,59653,2020,12,2,2,2,2,2,0,0.0,0,0,1,1,1,1,0
1211,2,27.0,1.0,1,2,96194,48097.0,48097,48097,2020,6,3,3,3,3,3,0,0.0,0,0,1,1,1,1,1
1212,8,27.0,0.0,9,0,379352,47419.0,47419,47419,2018,5,1,2,2,2,2,5273090,659136.25,0,1846550,4,2,4,2,0
1213,20,49.0,0.0,7,2,1089820,54491.0,54491,54491,2018,9,1,1,1,1,1,14489890,724494.5,100740,3949450,4,2,4,3,0
1214,2,37.0,0.0,20,2,111396,55698.0,55698,55698,2020,8,2,2,2,2,2,0,0.0,0,0,3,1,1,3,0
1215,3,26.0,0.0,28,0,54264,18088.0,18088,18088,2020,5,1,1,1,1,1,0,0.0,0,0,1,1,1,1,1
1216,4,30.0,0.0,1,1,151968,37992.0,37992,37992,2019,8,1,1,1,1,1,1816480,454120.0,0,1409760,3,1,3,1,1
1217,2,38.0,0.0,5,2,96818,48409.0,48409,48409,2019,8,1,1,1,1,1,0,0.0,0,0,1,1,1,1,1
1218,3,28.0,0.0,12,1,112890,37630.0,37630,37630,2019,10,2,2,2,2,2,0,0.0,0,0,1,1,1,1,1
1219,3,22.0,1.0,20,0,90885,30295.0,30295,30295,2019,10,1,1,1,1,1,0,0.0,0,0,1,1,1,1,1
1220,2,37.0,1.0,29,2,181702,90851.0,90851,90851,2019,11,3,3,3,3,3,0,0.0,0,0,1,1,1,1,0
1222,15,33.0,1.0,20,2,1317675,87845.0,87845,87845,2019,7,2,2,2,2,2,7287470,485831.3333333333,0,1811940,4,1,1,1,0
1223,3,28.0,0.0,14,2,163581,54527.0,54527,54527,2020,1,2,2,2,2,2,0,0.0,0,0,1,1,1,1,1
1224,5,33.0,0.0,28,2,392210,78442.0,78442,78442,2019,9,3,3,3,3,3,4358500,871700.0,0,3318790,3,2,3,3,0
1225,18,30.0,1.0,11,1,760716,42262.0,42262,42262,2016,4,1,1,1,1,1,8566610,475922.77777777775,0,1067080,4,2,3,4,0
1226,2,32.0,0.0,7,0,24912,12456.0,12456,12456,2018,5,1,1,1,1,1,540230,270115.0,0,540230,1,1,1,1,1
1227,1,33.0,1.0,12,2,71748,71748.0,71748,71748,2020,11,2,2,2,2,2,0,0.0,0,0,1,1,1,1,0
1228,7,32.0,0.0,9,1,319025,45575.0,45575,45575,2019,9,1,1,1,1,1,2683110,383301.4285714286,0,1365840,2,1,2,1,1
1229,16,36.0,0.0,17,0,1840096,115006.0,115006,115006,2017,12,1,4,4,4,4,22890600,1430662.5,0,7285730,4,1,4,2,1
1230,5,35.0,1.0,8,2,462970,92594.0,92594,92594,2020,5,3,3,3,3,3,1250450,250090.0,0,912290,2,1,2,2,0
1231,4,44.0,1.0,7,2,330160,82540.0,82540,82540,2020,7,3,3,3,3,3,0,0.0,0,0,2,1,1,1,0
1232,6,30.0,0.0,27,2,803868,133978.0,133978,133978,2015,5,2,4,4,4,4,10492880,1748813.3333333333,291000,6671350,3,2,3,3,1
1233,11,32.0,1.0,5,1,468215,42565.0,42565,42565,2019,6,2,2,2,2,2,3230440,293676.36363636365,0,962150,2,1,1,2,0
1234,19,38.0,0.0,28,1,413345,21755.0,21755,21755,2018,6,1,1,1,1,1,10352710,544879.4736842106,118250,1476810,4,2,3,3,0
1235,4,34.0,0.0,3,0,201488,50372.0,50372,50372,2019,12,1,1,1,1,1,262200,65550.0,0,262200,1,1,1,1,1
1236,9,42.0,0.0,10,1,854685,94965.0,94965,94965,2016,11,1,2,2,2,2,2978090,330898.8888888889,0,708720,2,1,2,2,1
1238,20,29.0,0.0,12,0,2139660,106983.0,106983,106983,2015,11,2,4,4,4,4,37004530,1850226.5,-208560,7090250,4,2,4,3,0
1239,6,24.0,1.0,3,2,303324,50554.0,50554,50554,2018,3,1,1,1,1,1,809510,134918.33333333334,0,600670,3,1,1,3,1
1242,6,43.0,1.0,24,2,407826,67971.0,67971,67971,2020,2,3,3,3,3,3,452050,75341.66666666667,0,194000,1,1,1,1,1
1243,20,40.0,1.0,27,2,1639500,81975.0,81975,81975,2016,7,1,3,3,3,3,22502780,1125139.0,150010,6924370,4,2,3,3,0
1244,5,36.0,1.0,10,0,76455,15291.0,15291,15291,2020,5,2,2,2,2,2,601210,120242.0,0,300320,1,1,1,1,1
1245,5,32.0,0.0,20,1,219875,43975.0,43975,43975,2020,7,2,2,2,2,2,163200,32640.0,0,163200,1,1,1,1,1
1246,5,31.0,1.0,11,1,220345,44069.0,44069,44069,2018,11,1,1,1,1,1,806000,161200.0,0,302000,2,1,2,2,1
1247,10,32.0,0.0,29,0,192170,19217.0,19217,19217,2019,12,1,1,1,1,1,2899980,289998.0,0,644130,2,1,2,1,1
1248,6,35.0,1.0,27,1,236994,39499.0,39499,39499,2019,7,1,1,1,1,1,0,0.0,0,0,1,1,1,1,1
1249,8,23.0,0.0,5,1,271139,33892.375,37143,33428,2020,1,1,2,1,1,1,24919020,3114877.5,0,13604030,4,2,4,4,0
1250,9,40.0,1.0,14,2,499671,55519.0,55519,55519,2018,5,1,1,1,1,1,2661420,295713.3333333333,0,1380990,3,1,3,3,1
1251,6,37.0,1.0,25,1,781662,130277.0,130277,130277,2019,7,3,3,3,3,3,988020,164670.0,0,400000,1,1,1,1,0
1252,5,24.0,1.0,6,0,235585,47117.0,47117,47117,2020,5,2,2,2,2,2,500420,100084.0,0,500420,1,1,1,1,1
1255,2,41.0,0.0,2,0,169582,84791.0,84791,84791,2020,4,3,3,3,3,3,0,0.0,0,0,1,1,1,1,1
1258,4,29.0,1.0,23,0,394520,98630.0,98630,98630,2019,7,2,2,2,2,2,62000,15500.0,0,62000,1,1,1,1,1
1259,17,39.0,0.0,21,1,1233350,72550.0,72550,72550,2018,5,1,2,2,2,2,10892810,640753.5294117647,0,3000000,4,2,2,3,0
1260,3,31.0,1.0,17,0,46560,15520.0,15520,15520,2018,12,1,1,1,1,1,0,0.0,0,0,1,1,1,1,1
1261,5,29.0,0.0,17,0,365515,73103.0,73103,73103,2016,11,2,2,2,2,2,1452130,290426.0,0,696910,2,1,1,1,1
1262,1,31.0,0.0,20,0,66074,66074.0,66074,66074,2018,6,2,2,2,2,2,0,0.0,0,0,1,1,1,1,1
1263,8,38.0,0.0,16,1,496328,62041.0,62041,62041,2019,12,2,2,2,2,2,17169730,2146216.25,174720,9963640,4,2,2,2,0
1264,4,27.0,1.0,19,2,309476,77369.0,77369,77369,2016,4,1,3,3,3,3,1075700,268925.0,-406980,1482680,1,1,1,1,1
1265,22,35.0,0.0,7,0,1327876,60358.0,60358,60358,2018,6,1,2,2,2,2,9567130,434869.54545454547,0,2509750,3,1,2,2,0
1267,11,30.0,0.0,19,2,392238,35658.0,35658,35658,2019,10,1,1,1,1,1,5024500,456772.7272727273,0,2099820,3,1,3,1,0
1268,3,38.0,0.0,26,2,199707,66569.0,66569,66569,2020,9,2,2,2,2,2,783480,261160.0,0,644600,2,2,2,2,0
1269,10,37.0,1.0,2,0,983060,98306.0,98306,98306,2016,4,1,2,2,2,2,8025230,802523.0,229740,2023280,3,2,3,3,1
1271,16,39.0,1.0,12,0,1729952,108122.0,108122,108122,2018,8,5,5,5,5,5,18904180,1181511.25,0,4065240,3,1,2,2,0
1272,2,32.0,1.0,20,1,76912,38456.0,38456,38456,2020,7,2,2,2,2,2,0,0.0,0,0,1,1,1,1,1
1274,18,53.0,0.0,15,2,2443173,135731.83333333334,145861,133706,2018,6,1,4,3,4,3,33462920,1859051.111111111,0,7257320,4,2,2,4,0
1275,1,30.0,1.0,18,0,10883,10883.0,10883,10883,2018,9,1,1,1,1,1,0,0.0,0,0,1,1,1,1,1
1276,13,37.0,0.0,22,1,556205,42785.0,42785,42785,2019,10,1,1,1,1,1,1401640,107818.46153846153,0,750000,2,1,1,1,0
1277,5,32.0,0.0,22,1,267355,53471.0,53471,53471,2019,5,2,2,2,2,2,438620,87724.0,0,438620,1,1,1,1,1
1278,5,31.0,0.0,5,2,392220,78444.0,78444,78444,2020,4,3,3,3,3,3,0,0.0,0,0,1,1,1,1,1
1279,2,24.0,1.0,3,1,69042,34521.0,34521,34521,2018,10,1,1,1,1,1,250000,125000.0,0,250000,1,1,1,1,1
1280,3,41.0,1.0,20,1,300450,100150.0,100150,100150,2018,10,3,3,3,3,3,250000,83333.33333333333,0,250000,1,1,1,1,1
1281,3,29.0,0.0,10,0,197610,65870.0,65870,65870,2019,8,3,3,3,3,3,155700,51900.0,0,155700,1,1,1,1,0
1283,15,28.0,1.0,7,0,760395,50693.0,50693,50693,2019,7,2,2,2,2,2,3701470,246764.66666666666,0,1098460,3,1,1,3,0
1284,11,28.0,1.0,2,1,593241,53931.0,53931,53931,2019,11,1,1,1,1,1,4177450,379768.1818181818,0,1200160,4,1,4,1,0
1285,7,31.0,0.0,12,2,387933,55419.0,55419,55419,2018,10,2,2,2,2,2,2138790,305541.4285714286,-200000,1009230,2,1,2,1,1
1286,3,35.0,0.0,15,0,243813,81271.0,81271,81271,2020,10,3,3,3,3,3,722870,240956.66666666666,0,482510,2,2,2,2,0
1287,8,26.0,1.0,7,1,422312,52789.0,52789,52789,2018,5,1,1,1,1,1,1227460,153432.5,0,364710,2,1,1,2,1
1288,3,34.0,0.0,20,1,282711,94237.0,94237,94237,2019,10,3,3,3,3,3,0,0.0,0,0,1,1,1,1,1
1289,13,37.0,0.0,1,2,515372,39644.0,39644,39644,2018,5,1,1,1,1,1,5103800,392600.0,0,1006270,3,1,3,3,1
1290,11,37.0,1.0,24,2,302137,27467.0,27467,27467,2019,8,1,1,1,1,1,3734960,339541.8181818182,-197610,828920,3,1,3,2,0
1294,3,23.0,0.0,20,2,268740,89580.0,89580,89580,2020,9,3,3,3,3,3,262990,87663.33333333333,0,262990,1,1,1,1,0
1295,3,31.0,0.0,23,2,154929,51643.0,51643,51643,2016,4,1,2,2,2,2,-14310,-4770.0,-116480,102170,1,1,1,1,1
1296,1,25.0,0.0,19,2,50803,50803.0,50803,50803,2018,6,1,1,1,1,1,220840,220840.0,220840,220840,1,1,1,1,0
1297,3,38.0,1.0,20,1,54318,18106.0,18106,18106,2018,12,1,1,1,1,1,321540,107180.0,0,209110,1,1,1,1,1
1298,12,36.0,1.0,28,1,866628,72219.0,72219,72219,2019,7,2,2,2,2,2,3784160,315346.6666666667,0,1590830,2,1,1,1,1
1300,5,35.0,0.0,19,2,199115,39823.0,39823,39823,2019,11,1,1,1,1,1,350000,70000.0,0,350000,1,1,1,1,1
1301,12,33.0,0.0,7,1,895440,74620.0,74620,74620,2019,7,2,2,2,2,2,2349220,195768.33333333334,0,990000,3,1,3,1,1
1303,3,33.0,1.0,26,2,236439,78813.0,78813,78813,2019,10,2,2,2,2,2,0,0.0,0,0,1,1,1,1,0
1304,5,27.0,1.0,21,1,162870,32574.0,32574,32574,2019,7,1,1,1,1,1,351360,70272.0,0,200000,1,1,1,1,1
1305,3,25.0,1.0,24,0,63450,21150.0,21150,21150,2018,10,1,1,1,1,1,632420,210806.66666666666,0,462940,1,1,1,1,1
1306,4,35.0,1.0,15,0,107712,26928.0,26928,26928,2018,5,1,1,1,1,1,1805810,451452.5,0,1204740,2,1,1,1,1
1307,1,35.0,0.0,17,0,55638,55638.0,55638,55638,2019,5,3,3,3,3,3,0,0.0,0,0,1,1,1,1,1
1308,3,36.0,0.0,29,0,174081,58027.0,58027,58027,2019,9,3,3,3,3,3,0,0.0,0,0,1,1,1,1,1
1309,10,34.0,0.0,11,1,709210,70921.0,70921,70921,2019,4,3,3,3,3,3,1974150,197415.0,0,537430,2,1,2,1,1
1312,4,21.0,1.0,6,0,88460,22115.0,22115,22115,2018,5,1,1,1,1,1,379700,94925.0,0,279690,1,1,1,1,1
1315,11,34.0,0.0,6,1,728475,66225.0,66225,66225,2019,4,2,2,2,2,2,2748590,249871.81818181818,0,949670,3,1,1,1,1
1316,19,34.0,1.0,28,1,1343255,70697.63157894737,75773,68885,2018,10,2,3,2,3,2,33089000,1741526.3157894737,291050,7250000,4,3,3,3,0
1318,2,29.0,0.0,8,2,222828,111414.0,111414,111414,2019,8,3,3,3,3,3,0,0.0,0,0,1,1,1,1,0
1319,9,40.0,1.0,5,2,226602,25178.0,25178,25178,2020,1,1,1,1,1,1,2836200,315133.3333333333,0,1000950,2,1,2,2,1
1320,4,36.0,0.0,22,2,269992,67498.0,67498,67498,2020,1,2,2,2,2,2,422000,105500.0,0,350000,1,1,1,1,1
1321,5,34.0,0.0,20,0,381980,76396.0,76396,76396,2020,5,2,2,2,2,2,500880,100176.0,0,500880,1,1,1,1,0
1322,3,28.0,0.0,2,1,146889,48963.0,48963,48963,2020,9,2,2,2,2,2,250040,83346.66666666667,0,250040,1,1,1,1,0
1323,5,44.0,1.0,6,1,335700,67140.0,67140,67140,2019,8,1,1,1,1,1,1628680,325736.0,142320,642360,3,1,3,1,1
1325,3,34.0,0.0,25,2,208203,69401.0,69401,69401,2020,9,3,3,3,3,3,500860,166953.33333333334,125180,250320,1,1,1,1,0
1326,8,28.0,1.0,20,1,331704,41463.0,41463,41463,2019,10,1,1,1,1,1,1282690,160336.25,0,438390,2,1,1,1,1
1327,15,40.0,1.0,29,0,516291,34419.4,37413,33671,2019,6,1,2,1,1,1,22426170,1495078.0,0,3250470,4,3,3,4,0
1328,1,26.0,1.0,4,1,39790,39790.0,39790,39790,2020,11,1,1,1,1,1,0,0.0,0,0,1,1,1,1,0
1329,1,31.0,0.0,29,2,70088,70088.0,70088,70088,2018,9,1,1,1,1,1,0,0.0,0,0,1,1,1,1,1
1330,8,46.0,1.0,3,0,929304,116163.0,116163,116163,2017,7,1,4,4,4,4,7063850,882981.25,0,5122710,3,1,3,2,1
1331,6,39.0,1.0,7,1,104958,17493.0,17493,17493,2018,9,1,1,1,1,1,478360,79726.66666666667,0,368330,1,1,1,1,1
1333,3,34.0,1.0,11,2,129078,43026.0,43026,43026,2020,9,2,2,2,2,2,0,0.0,0,0,1,1,1,1,1
1334,14,40.0,0.0,19,1,1507968,107712.0,107712,107712,2019,7,4,4,4,4,4,20766110,1483293.5714285714,0,5064330,4,1,1,2,0
1335,22,34.0,0.0,18,2,3456728,157124.0,157124,157124,2015,8,2,3,3,3,3,21527040,978501.8181818182,-200000,5754460,4,1,1,3,0
1336,3,28.0,0.0,29,2,229575,76525.0,76525,76525,2020,5,3,3,3,3,3,0,0.0,0,0,1,1,1,1,1
1337,7,50.0,1.0,10,1,388255,55465.0,55465,55465,2015,7,2,3,3,3,3,1206660,172380.0,0,500000,3,1,1,1,1
1338,3,33.0,0.0,28,0,99462,33154.0,33154,33154,2020,2,3,3,3,3,3,680590,226863.33333333334,0,498910,1,1,1,1,1
1339,2,30.0,0.0,5,0,48582,24291.0,24291,24291,2019,10,1,1,1,1,1,0,0.0,0,0,1,1,1,1,0
1340,2,32.0,0.0,15,1,140076,70038.0,70038,70038,2018,11,2,2,2,2,2,0,0.0,0,0,1,1,1,1,1
1341,5,35.0,0.0,21,0,265585,53117.0,53117,53117,2020,7,3,3,3,3,3,832510,166502.0,0,482510,2,1,2,1,0
1342,7,32.0,1.0,20,0,217399,31057.0,31057,31057,2019,11,2,2,2,2,2,645150,92164.28571428571,0,645150,1,1,1,1,0
1343,12,36.0,1.0,26,1,905004,75417.0,75417,75417,2013,10,2,3,3,3,3,7237390,603115.8333333334,0,2070540,2,1,1,2,1
1345,4,29.0,0.0,29,0,60744,15186.0,15186,15186,2020,7,2,2,2,2,2,432940,108235.0,0,248030,1,1,1,1,0
1347,3,31.0,0.0,25,0,164703,54901.0,54901,54901,2019,5,2,2,2,2,2,0,0.0,0,0,1,1,1,1,1
1348,7,36.0,0.0,25,2,406364,58052.0,58052,58052,2019,6,2,2,2,2,2,551530,78790.0,0,200000,1,1,1,1,1
1349,11,33.0,0.0,4,0,738386,67126.0,67126,67126,2017,8,1,3,3,3,3,4628790,420799.0909090909,0,1642620,2,1,1,2,0
1350,1,39.0,0.0,15,0,43705,43705.0,43705,43705,2018,6,2,2,2,2,2,0,0.0,0,0,1,1,1,1,1
1351,2,27.0,0.0,8,0,149674,74837.0,74837,74837,2020,11,2,2,2,2,2,0,0.0,0,0,1,1,1,1,0
1352,3,33.0,0.0,15,1,298245,99415.0,99415,99415,2020,8,2,2,2,2,2,191040,63680.0,0,191040,1,1,1,1,0
1353,5,44.0,0.0,12,0,245245,49049.0,49049,49049,2018,6,2,2,2,2,2,749150,149830.0,0,337210,1,1,1,1,1
1354,7,34.0,1.0,20,2,379484,54212.0,54212,54212,2018,10,2,3,3,3,3,10070490,1438641.4285714286,-3791250,5788020,4,1,1,4,1
1356,6,31.0,1.0,11,2,175836,29306.0,29306,29306,2019,8,2,2,2,2,2,894630,149105.0,0,400000,2,1,1,2,1
1357,2,39.0,0.0,29,2,210800,105400.0,105400,105400,2020,1,3,3,3,3,3,0,0.0,0,0,1,1,1,1,1
1359,3,31.0,0.0,1,2,156021,52007.0,52007,52007,2019,7,2,2,2,2,2,0,0.0,0,0,1,1,1,1,1
1360,4,32.0,0.0,20,0,430368,107592.0,107592,107592,2019,11,4,4,4,4,4,776250,194062.5,0,776250,1,1,1,1,0
1361,5,40.0,0.0,17,2,133980,26796.0,26796,26796,2018,11,1,1,1,1,1,566200,113240.0,0,344520,1,1,1,1,1
1362,2,29.0,0.0,20,1,145686,72843.0,72843,72843,2019,9,2,2,2,2,2,0,0.0,0,0,1,1,1,1,0
1363,13,45.0,1.0,19,0,425568,32736.0,32736,32736,2015,7,2,3,3,3,3,10622170,817090.0,0,2307560,3,1,2,2,1
1364,4,43.0,1.0,12,1,349300,87325.0,87325,87325,2020,4,3,3,3,3,3,566440,141610.0,0,417720,1,1,1,1,1
1365,8,30.0,0.0,18,2,203864,25483.0,25483,25483,2019,5,1,1,1,1,1,1525920,190740.0,0,783860,3,1,1,3,1
1366,3,39.0,0.0,22,0,52488,17496.0,17496,17496,2020,9,2,2,2,2,2,0,0.0,0,0,1,1,1,1,1
1369,4,29.0,1.0,10,0,216924,54231.0,54231,54231,2018,1,1,1,1,1,1,1095820,273955.0,0,853210,2,1,2,1,0
1370,21,37.0,1.0,22,2,1393350,66350.0,66350,66350,2018,5,1,1,1,1,1,11813340,562540.0,0,2507630,4,1,2,2,0
1371,18,27.0,0.0,26,0,512046,28447.0,28447,28447,2018,6,1,1,1,1,1,14571760,809542.2222222222,150720,3867080,4,2,3,4,1
1372,5,31.0,1.0,21,2,188475,37695.0,37695,37695,2020,7,1,1,1,1,1,2207500,441500.0,0,1267050,4,1,1,4,0
1373,3,34.0,0.0,26,2,142953,47651.0,47651,47651,2019,6,2,2,2,2,2,363000,121000.0,0,363000,1,1,1,1,0
1374,19,34.0,0.0,5,1,1674299,88121.0,88121,88121,2018,6,1,2,2,2,2,19848090,1044636.3157894737,-831520,3205270,4,1,3,1,0
1375,4,48.0,1.0,1,2,178888,44722.0,44722,44722,2018,9,1,1,1,1,1,1031690,257922.5,0,459370,2,1,2,2,1
1376,1,23.0,0.0,23,2,44907,44907.0,44907,44907,2018,7,1,1,1,1,1,0,0.0,0,0,1,1,1,1,1
1378,5,28.0,1.0,28,0,263555,52711.0,52711,52711,2020,7,2,2,2,2,2,501960,100392.0,-602360,769800,1,1,1,1,1
1379,2,29.0,0.0,1,0,137950,68975.0,68975,68975,2020,11,2,2,2,2,2,0,0.0,0,0,1,1,1,1,0
1380,6,28.0,1.0,17,1,463182,77197.0,77197,77197,2018,10,2,2,2,2,2,2973920,495653.3333333333,0,1623070,2,1,2,2,1
1381,3,41.0,1.0,9,2,247851,82617.0,82617,82617,2020,10,3,3,3,3,3,351230,117076.66666666667,0,200970,1,1,1,1,0
1382,14,33.0,1.0,16,2,955626,68259.0,68259,68259,2019,7,3,3,3,3,3,4942500,353035.71428571426,0,1212540,3,1,2,2,0
1383,2,28.0,0.0,19,0,177554,88777.0,88777,88777,2019,8,2,2,2,2,2,0,0.0,0,0,1,1,1,1,0
1384,6,34.0,0.0,20,0,228354,38059.0,38059,38059,2015,10,1,1,1,1,1,2521980,420330.0,116120,1069460,4,2,2,2,0
1385,2,31.0,1.0,23,0,148530,74265.0,74265,74265,2020,4,3,3,3,3,3,0,0.0,0,0,1,1,1,1,0
1386,8,27.0,1.0,26,2,203664,25458.0,25458,25458,2019,6,1,1,1,1,1,762300,95287.5,0,286640,2,1,1,1,1
1387,2,35.0,0.0,15,2,103860,51930.0,51930,51930,2019,7,2,2,2,2,2,200000,100000.0,0,200000,1,1,1,1,1
1388,1,32.0,0.0,26,0,44566,44566.0,44566,44566,2018,12,2,2,2,2,2,0,0.0,0,0,1,1,1,1,1
1390,3,51.0,0.0,15,0,243450,81150.0,81150,81150,2016,11,2,3,3,3,3,605840,201946.66666666666,0,489600,1,1,1,1,1
1392,6,40.0,1.0,13,1,534708,89118.0,89118,89118,2013,8,1,4,4,4,4,3336540,556090.0,158360,1080310,2,1,2,2,1
1393,4,30.0,0.0,3,2,216616,54154.0,54154,54154,2020,6,2,2,2,2,2,979980,244995.0,0,762380,2,1,2,1,0
1394,2,36.0,0.0,25,1,115816,57908.0,57908,57908,2018,9,2,2,2,2,2,253900,126950.0,0,253900,1,1,1,1,1
1395,4,46.0,1.0,5,2,121168,30292.0,30292,30292,2019,8,1,1,1,1,1,0,0.0,0,0,1,1,1,1,1
1396,6,31.0,0.0,16,1,328926,54821.0,54821,54821,2018,5,2,2,2,2,2,4191530,698588.3333333334,-533490,3111630,3,1,1,3,1
1397,8,37.0,1.0,11,1,854352,106794.0,106794,106794,2019,7,3,3,3,3,3,1399000,174875.0,0,999000,1,1,1,1,1
1399,5,37.0,1.0,16,2,242880,48576.0,48576,48576,2020,7,2,2,2,2,2,1320720,264144.0,0,973320,2,1,1,2,0
1401,3,32.0,1.0,4,1,174219,58073.0,58073,58073,2020,9,3,3,3,3,3,0,0.0,0,0,1,1,1,1,0
1402,5,33.0,1.0,6,0,95360,19072.0,19072,19072,2018,2,1,1,1,1,1,1684920,336984.0,-921510,2381530,2,1,2,1,1
1403,2,36.0,0.0,1,0,129386,64693.0,64693,64693,2018,6,2,2,2,2,2,829110,414555.0,0,829110,2,1,2,1,0
1405,17,33.0,0.0,12,1,2037790,119870.0,119870,119870,2019,7,3,3,3,3,3,7758650,456391.17647058825,0,1383690,4,1,4,2,0
1406,7,33.0,0.0,28,1,564102,80586.0,80586,80586,2016,4,1,3,3,3,3,2164790,309255.71428571426,120030,1290990,2,1,1,1,1
1407,5,27.0,0.0,26,1,139030,27806.0,27806,27806,2019,12,1,1,1,1,1,150270,30054.0,0,150270,2,1,1,1,1
1409,1,33.0,1.0,5,1,81561,81561.0,81561,81561,2019,7,3,3,3,3,3,0,0.0,0,0,1,1,1,1,0
1410,4,25.0,0.0,5,2,176244,44061.0,44061,44061,2020,7,1,1,1,1,1,0,0.0,0,0,1,1,1,1,1
1411,7,40.0,0.0,8,0,884912,126416.0,126416,126416,2019,11,3,3,3,3,3,1339680,191382.85714285713,0,825620,2,1,2,1,1
1413,8,27.0,0.0,29,2,233448,29181.0,29181,29181,2018,5,1,1,1,1,1,3285190,410648.75,0,2188700,4,1,3,2,1
1414,20,31.0,1.0,29,1,946580,47329.0,47329,47329,2017,11,1,2,2,2,2,18090270,904513.5,102890,3477790,4,3,3,4,0
1415,5,29.0,0.0,20,1,103205,20641.0,20641,20641,2019,11,1,1,1,1,1,944190,188838.0,0,650210,2,1,1,2,1
1416,2,32.0,1.0,17,1,110748,55374.0,55374,55374,2020,9,1,1,1,1,1,919460,459730.0,386290,533170,2,2,2,2,0
1417,3,38.0,0.0,20,2,124338,41446.0,41446,41446,2019,8,1,1,1,1,1,254020,84673.33333333333,0,153400,2,1,1,2,1
1418,7,31.0,0.0,17,2,473753,67679.0,67679,67679,2018,12,1,1,1,1,1,1492040,213148.57142857142,0,497140,2,1,2,1,1
1419,5,34.0,0.0,23,0,89275,17855.0,17855,17855,2020,7,1,1,1,1,1,310480,62096.0,0,310480,1,1,1,1,0
1421,5,27.0,0.0,21,1,311980,62396.0,62396,62396,2020,6,3,3,3,3,3,695650,139130.0,0,364400,1,1,1,1,1
1422,11,31.0,1.0,12,2,648406,58946.0,58946,58946,2018,8,2,2,2,2,2,3857970,350724.54545454547,0,813440,3,2,3,2,1
1424,4,31.0,0.0,24,0,193476,48369.0,48369,48369,2018,8,2,2,2,2,2,754130,188532.5,0,400580,2,1,1,2,1
1425,2,26.0,0.0,16,0,75226,37613.0,37613,37613,2018,1,1,1,1,1,1,442880,221440.0,0,442880,1,1,1,1,1
1426,19,37.0,0.0,1,1,1866180,98220.0,98220,98220,2017,11,1,3,3,3,3,19929270,1048908.9473684211,113060,4535480,4,2,4,3,0
1428,5,27.0,0.0,2,0,452925,90585.0,90585,90585,2020,8,3,3,3,3,3,2495300,499060.0,0,987190,3,1,1,3,0
1429,5,33.0,1.0,7,1,354500,70900.0,70900,70900,2018,9,1,1,1,1,1,1741830,348366.0,0,743620,2,1,1,2,1
1430,3,31.0,1.0,6,0,58299,19433.0,19433,19433,2020,1,2,2,2,2,2,0,0.0,0,0,1,1,1,1,1
1431,2,37.0,1.0,7,1,105926,52963.0,52963,52963,2018,11,2,2,2,2,2,0,0.0,0,0,1,1,1,1,1
1432,16,34.0,0.0,26,0,469840,29365.0,29365,29365,2018,10,1,2,2,2,2,9569450,598090.625,113460,2291720,3,2,3,2,0
1433,4,25.0,0.0,16,0,230712,57678.0,57678,57678,2020,7,3,3,3,3,3,1069690,267422.5,0,798670,2,1,1,2,0
1434,3,37.0,0.0,21,1,173232,57744.0,57744,57744,2020,9,3,3,3,3,3,0,0.0,0,0,1,1,1,1,0
1435,3,25.0,1.0,15,2,57060,19020.0,19020,19020,2019,1,1,1,1,1,1,100920,33640.0,0,100920,1,1,1,1,1
1436,3,25.0,0.0,8,0,192384,64128.0,64128,64128,2020,1,2,2,2,2,2,149660,49886.666666666664,0,149660,1,1,1,1,0
1437,5,34.0,1.0,3,2,280300,56060.0,56060,56060,2019,11,2,2,2,2,2,442160,88432.0,0,242160,1,1,1,1,0
1438,3,37.0,0.0,10,0,191457,63819.0,63819,63819,2020,9,3,3,3,3,3,966790,322263.3333333333,0,966790,2,2,2,2,0
1439,2,31.0,1.0,7,1,99328,49664.0,49664,49664,2019,1,1,1,1,1,1,342930,171465.0,122480,220450,1,1,1,1,0
1441,6,28.0,0.0,10,1,473436,78906.0,78906,78906,2019,11,2,2,2,2,2,499890,83315.0,0,397320,1,1,1,1,1
1442,2,27.0,0.0,13,0,108252,54126.0,54126,54126,2019,11,2,2,2,2,2,0,0.0,0,0,1,1,1,1,1
1443,4,36.0,1.0,26,1,194160,48540.0,48540,48540,2018,10,2,2,2,2,2,451460,112865.0,0,451460,1,1,1,1,1
1444,7,29.0,1.0,6,2,190512,27216.0,27216,27216,2017,11,1,1,1,1,1,2905540,415077.14285714284,0,752110,3,2,3,3,1
1446,18,39.0,1.0,8,2,2158776,119932.0,119932,119932,2015,2,2,4,4,4,4,24785780,1376987.7777777778,0,7709830,4,2,2,2,0
1447,5,45.0,0.0,29,2,282390,56478.0,56478,56478,2020,6,3,3,3,3,3,4050490,810098.0,300180,1900270,4,2,4,2,0
1448,1,36.0,1.0,8,0,57087,57087.0,57087,57087,2020,11,2,2,2,2,2,0,0.0,0,0,1,1,1,1,0
1449,2,26.0,1.0,10,0,73058,36529.0,36529,36529,2019,11,1,1,1,1,1,0,0.0,0,0,1,1,1,1,0
1450,5,30.0,1.0,6,1,166230,33246.0,33246,33246,2018,12,2,2,2,2,2,1268800,253760.0,0,860160,2,1,2,1,1
1451,1,25.0,1.0,25,1,61502,61502.0,61502,61502,2018,8,1,1,1,1,1,0,0.0,0,0,1,1,1,1,1
1452,8,31.0,0.0,24,2,489744,61218.0,61218,61218,2020,1,1,1,1,1,1,4762650,595331.25,0,2050000,4,1,3,1,1
1453,6,31.0,0.0,20,0,207558,34593.0,34593,34593,2018,9,1,1,1,1,1,1957360,326226.6666666667,0,1139030,2,2,2,2,1
1454,1,33.0,0.0,3,2,135337,135337.0,135337,135337,2020,4,3,3,3,3,3,0,0.0,0,0,1,1,1,1,0
1455,3,30.0,0.0,17,1,167154,55718.0,55718,55718,2020,1,2,2,2,2,2,0,0.0,0,0,1,1,1,1,1
1456,5,32.0,0.0,9,1,274530,54906.0,54906,54906,2019,12,2,2,2,2,2,150720,30144.0,0,150720,1,1,1,1,1
1457,4,35.0,0.0,12,1,192200,48050.0,48050,48050,2020,7,3,3,3,3,3,0,0.0,0,0,1,1,1,1,1
1458,5,28.0,1.0,17,2,209855,41971.0,41971,41971,2018,9,2,2,2,2,2,1310870,262174.0,0,810870,2,1,2,2,1
1459,4,34.0,0.0,25,2,283976,70994.0,70994,70994,2018,9,2,2,2,2,2,1372570,343142.5,0,715470,2,1,2,1,1
1461,18,46.0,0.0,10,0,717138,39841.0,39841,39841,2015,9,2,2,2,2,2,5779360,321075.55555555556,0,1105160,2,1,2,1,1
1462,3,27.0,1.0,18,2,174834,58278.0,58278,58278,2020,10,2,2,2,2,2,0,0.0,0,0,1,1,1,1,0
1463,10,41.0,0.0,2,1,381050,38105.0,38105,38105,2018,8,1,1,1,1,1,4860990,486099.0,0,1182850,4,3,3,3,0
1464,9,48.0,1.0,25,2,622269,69141.0,69141,69141,2018,7,1,2,2,2,2,11826350,1314038.888888889,0,3583280,4,3,4,4,1
1465,2,34.0,0.0,17,0,90360,45180.0,45180,45180,2018,12,3,3,3,3,3,0,0.0,0,0,1,1,1,1,1
1466,5,42.0,0.0,2,1,225915,45183.0,45183,45183,2019,1,2,2,2,2,2,859940,171988.0,-232800,843210,1,1,1,1,1
1468,4,31.0,0.0,20,1,267116,66779.0,66779,66779,2020,9,3,3,3,3,3,709210,177302.5,0,709210,1,1,1,1,0
1469,4,28.0,0.0,9,0,176364,44091.0,44091,44091,2019,8,1,1,1,1,1,752450,188112.5,0,606960,2,1,2,1,1
1470,11,30.0,0.0,28,0,523215,47565.0,47565,47565,2018,2,1,1,1,1,1,10247070,931551.8181818182,97040,3257430,4,2,4,4,0
1471,5,36.0,0.0,27,1,218450,43690.0,43690,43690,2016,5,1,1,1,1,1,1455180,291036.0,0,567240,2,1,2,1,1
1472,17,41.0,1.0,22,2,1825256,107368.0,107368,107368,2014,7,2,4,4,4,4,12376010,728000.5882352941,0,1836920,3,1,2,2,1
1473,1,41.0,0.0,26,0,94171,94171.0,94171,94171,2018,7,3,3,3,3,3,0,0.0,0,0,1,1,1,1,1
1474,1,27.0,0.0,27,1,25207,25207.0,25207,25207,2019,10,2,2,2,2,2,0,0.0,0,0,1,1,1,1,1
1475,10,28.0,0.0,21,1,1045670,104567.0,104567,104567,2020,2,3,3,3,3,3,25272590,2527259.0,0,6529550,4,3,4,4,0
1476,4,33.0,0.0,14,1,157688,39422.0,39422,39422,2020,6,2,2,2,2,2,150360,37590.0,0,150360,1,1,1,1,1
1477,4,29.0,0.0,8,2,442168,110542.0,110542,110542,2019,7,4,4,4,4,4,0,0.0,0,0,1,1,1,1,0
1479,4,37.0,0.0,5,0,201744,50436.0,50436,50436,2020,2,3,3,3,3,3,5143840,1285960.0,0,5143840,4,1,1,1,1
1480,1,29.0,1.0,25,0,39635,39635.0,39635,39635,2018,12,2,2,2,2,2,0,0.0,0,0,1,1,1,1,1
1481,4,36.0,1.0,2,1,66752,16688.0,16688,16688,2019,1,1,1,1,1,1,394850,98712.5,0,250000,1,1,1,1,1
1482,5,38.0,1.0,27,1,251055,50211.0,50211,50211,2020,4,3,3,3,3,3,0,0.0,0,0,1,1,1,1,0
1483,3,24.0,1.0,13,2,121224,40408.0,40408,40408,2018,7,1,1,1,1,1,485600,161866.66666666666,0,369200,1,1,1,1,1
1484,18,46.0,0.0,2,0,1821564,101198.0,101198,101198,2014,9,2,4,4,4,4,38075220,2115290.0,128040,7847890,3,2,3,3,0
1485,2,25.0,0.0,21,1,92020,46010.0,46010,46010,2020,3,1,1,1,1,1,0,0.0,0,0,1,1,1,1,1
1486,20,45.0,1.0,15,0,1623440,81172.0,81172,81172,2016,12,1,4,4,4,4,25036450,1251822.5,0,7922640,3,1,2,1,0
1487,8,29.0,0.0,26,2,186392,23299.0,23299,23299,2018,12,1,1,1,1,1,1979760,247470.0,0,884960,2,1,1,2,0
1489,4,29.0,0.0,8,1,157612,39403.0,39403,39403,2020,8,2,2,2,2,2,1410500,352625.0,0,492480,3,1,1,3,0
1490,7,39.0,1.0,21,0,497994,71142.0,71142,71142,2020,3,2,2,2,2,2,853340,121905.71428571429,0,437880,2,1,2,1,1
1491,4,26.0,0.0,20,1,227744,56936.0,56936,56936,2020,4,2,2,2,2,2,0,0.0,0,0,1,1,1,1,1
1492,2,42.0,0.0,1,0,260558,130279.0,130279,130279,2020,10,3,3,3,3,3,0,0.0,0,0,1,1,1,1,0
1493,9,27.0,0.0,19,2,580284,64476.0,64476,64476,2019,7,1,1,1,1,1,3251610,361290.0,0,802640,3,1,3,2,1
1494,1,32.0,1.0,18,0,34356,34356.0,34356,34356,2018,5,1,1,1,1,1,0,0.0,0,0,1,1,1,1,1
1495,5,30.0,0.0,22,2,486060,97212.0,97212,97212,2020,6,2,2,2,2,2,889800,177960.0,0,600000,2,1,2,2,0
1498,4,28.0,1.0,12,0,198280,49570.0,49570,49570,2020,5,2,2,2,2,2,0,0.0,0,0,1,1,1,1,1
1501,2,38.0,0.0,5,2,146632,73316.0,73316,73316,2020,11,3,3,3,3,3,0,0.0,0,0,1,1,1,1,0
1502,4,35.0,1.0,21,2,259120,64780.0,64780,64780,2019,9,2,2,2,2,2,150030,37507.5,0,150030,1,1,1,1,0
1504,13,50.0,0.0,8,2,410215,31555.0,31555,31555,2018,3,2,2,2,2,2,8010640,616203.0769230769,160780,1660590,4,2,3,2,0
1505,4,27.0,1.0,22,1,279324,69831.0,69831,69831,2020,7,3,3,3,3,3,1052990,263247.5,0,1052990,2,1,1,1,0
1506,2,31.0,1.0,14,1,114214,57107.0,57107,57107,2019,8,1,1,1,1,1,0,0.0,0,0,1,1,1,1,1
1507,1,39.0,1.0,19,2,60780,60780.0,60780,60780,2018,10,2,2,2,2,2,0,0.0,0,0,1,1,1,1,1
1508,10,33.0,0.0,23,0,1084520,108452.0,108452,108452,2013,7,2,3,3,3,3,8000250,800025.0,50000,2685000,3,1,3,1,1
1509,12,35.0,0.0,27,1,950664,79222.0,79222,79222,2019,7,2,2,2,2,2,10264390,855365.8333333334,0,2256470,4,1,1,1,1
1510,18,28.0,1.0,16,1,1662750,92375.0,92375,92375,2017,7,1,3,3,3,3,10179750,565541.6666666666,0,1701530,3,1,1,2,0
1512,7,32.0,0.0,23,1,349699,49957.0,49957,49957,2019,5,2,2,2,2,2,1741740,248820.0,0,649980,2,1,2,1,1
1513,3,25.0,1.0,28,0,58344,19448.0,19448,19448,2018,7,1,2,2,2,2,3117260,1039086.6666666666,0,2218600,3,1,3,3,1
1514,3,32.0,0.0,20,0,164001,54667.0,54667,54667,2020,8,3,3,3,3,3,640640,213546.66666666666,0,640640,1,1,1,1,0
1515,1,36.0,0.0,24,2,84573,84573.0,84573,84573,2020,10,3,3,3,3,3,0,0.0,0,0,1,1,1,1,0
1516,4,35.0,1.0,12,2,301812,75453.0,75453,75453,2019,7,2,2,2,2,2,658610,164652.5,0,658610,2,1,2,2,0
1517,5,42.0,1.0,11,2,627725,125545.0,125545,125545,2015,9,1,3,3,3,3,789080,157816.0,0,494870,2,1,2,1,1
1518,3,36.0,1.0,15,2,339192,113064.0,113064,113064,2020,9,3,3,3,3,3,300210,100070.0,0,300210,1,1,1,1,0
1520,11,32.0,0.0,5,2,710149,64559.0,64559,64559,2013,10,1,2,2,2,2,5644160,513105.45454545453,0,2000000,3,1,1,1,1
1521,1,31.0,0.0,20,1,31401,31401.0,31401,31401,2020,12,1,1,1,1,1,0,0.0,0,0,1,1,1,1,0
1522,6,30.0,1.0,6,2,387636,64606.0,64606,64606,2020,5,2,2,2,2,2,1597690,266281.6666666667,0,1122530,3,1,3,3,1
1523,2,28.0,1.0,2,2,70232,35116.0,35116,35116,2020,1,1,1,1,1,1,0,0.0,0,0,1,1,1,1,0
1524,5,35.0,1.0,13,0,223920,44784.0,44784,44784,2018,9,2,2,2,2,2,1228760,245752.0,0,674660,2,1,2,2,0
1525,3,28.0,1.0,13,0,185652,61884.0,61884,61884,2018,8,2,2,2,2,2,711920,237306.66666666666,194000,262890,1,1,1,1,1
1526,13,34.0,0.0,1,2,781131,60087.0,60087,60087,2016,12,1,1,1,1,1,8600980,661613.8461538461,150930,1804830,4,2,3,4,0
1527,8,31.0,0.0,5,2,656336,82042.0,82042,82042,2020,5,2,2,2,2,2,196920,24615.0,0,196920,1,1,1,1,0
1528,3,42.0,0.0,25,2,230121,76707.0,76707,76707,2018,11,2,2,2,2,2,0,0.0,0,0,1,1,1,1,1
1529,1,37.0,1.0,5,0,20523,20523.0,20523,20523,2020,11,1,1,1,1,1,0,0.0,0,0,1,1,1,1,0
1530,3,27.0,0.0,20,2,134523,44841.0,44841,44841,2020,7,1,1,1,1,1,0,0.0,0,0,1,1,1,1,1
1531,3,31.0,0.0,25,2,138003,46001.0,46001,46001,2017,1,2,2,2,2,2,320450,106816.66666666667,0,226200,1,1,1,1,1
1532,14,37.0,0.0,2,1,679770,48555.0,48555,48555,2019,9,2,2,2,2,2,3175960,226854.2857142857,0,900000,2,1,2,1,0
1533,1,32.0,1.0,22,0,74305,74305.0,74305,74305,2020,9,3,3,3,3,3,0,0.0,0,0,1,1,1,1,1
1534,5,30.0,1.0,26,0,480380,96076.0,96076,96076,2020,2,3,3,3,3,3,3329000,665800.0,0,3029000,3,1,1,3,1
1536,3,27.0,0.0,15,2,119193,39731.0,39731,39731,2019,7,1,1,1,1,1,0,0.0,0,0,1,1,1,1,1
1540,12,32.0,0.0,5,2,539388,44949.0,44949,44949,2016,4,1,2,2,2,2,10767270,897272.5,102750,3178000,3,2,2,3,1
1541,3,40.0,0.0,4,0,146868,48956.0,48956,48956,2020,5,1,1,1,1,1,725500,241833.33333333334,0,621120,2,1,1,2,1
1542,1,39.0,1.0,6,0,42300,42300.0,42300,42300,2018,11,1,1,1,1,1,0,0.0,0,0,1,1,1,1,1
1543,1,44.0,0.0,4,1,31948,31948.0,31948,31948,2018,6,1,1,1,1,1,0,0.0,0,0,1,1,1,1,1
1544,5,37.0,0.0,13,1,450615,90123.0,90123,90123,2019,10,2,2,2,2,2,350000,70000.0,0,350000,1,1,1,1,1
1547,5,33.0,1.0,13,2,289315,57863.0,57863,57863,2020,1,2,2,2,2,2,803540,160708.0,0,598800,1,1,1,1,1
1548,4,28.0,0.0,20,1,140360,35090.0,35090,35090,2018,10,1,1,1,1,1,1084060,271015.0,0,778030,3,1,3,1,1
1549,18,36.0,1.0,21,1,1727010,95945.0,95945,95945,2015,8,1,3,3,3,3,14162530,786807.2222222222,0,3485600,3,2,3,3,0
1550,1,30.0,0.0,2,1,25552,25552.0,25552,25552,2020,10,2,2,2,2,2,0,0.0,0,0,1,1,1,1,0
1553,7,45.0,1.0,1,0,173747,24821.0,24821,24821,2019,6,1,1,1,1,1,1250310,178615.7142857143,-151340,591200,2,1,2,1,1
1555,3,29.0,0.0,23,1,126951,42317.0,42317,42317,2018,6,1,1,1,1,1,2531750,843916.6666666666,0,1592540,4,2,2,4,1
1556,3,31.0,1.0,26,0,65286,21762.0,21762,21762,2020,6,1,1,1,1,1,0,0.0,0,0,1,1,1,1,1
1557,4,32.0,0.0,12,2,189516,47379.0,47379,47379,2019,5,1,1,1,1,1,145500,36375.0,0,145500,1,1,1,1,1
1558,5,31.0,0.0,22,0,172805,34561.0,34561,34561,2018,9,2,2,2,2,2,3209970,641994.0,108870,1250000,3,1,1,3,0
1559,8,38.0,1.0,14,2,502824,62853.0,62853,62853,2018,6,1,1,1,1,1,2252580,281572.5,0,903210,3,1,1,3,1
1560,15,37.0,0.0,7,1,674985,44999.0,44999,44999,2015,8,1,2,2,2,2,7838830,522588.6666666667,0,1217730,3,1,2,2,0
1561,6,31.0,0.0,25,0,181752,30292.0,30292,30292,2019,11,1,1,1,1,1,386060,64343.333333333336,0,150440,1,1,1,1,0
1562,3,25.0,1.0,17,2,94083,31361.0,31361,31361,2018,6,1,1,1,1,1,693170,231056.66666666666,0,693170,2,1,2,1,1
1563,16,42.0,1.0,27,2,562816,35176.0,35176,35176,2019,6,2,2,2,2,2,7308440,456777.5,-249720,1326410,3,1,1,1,0
1565,12,36.0,1.0,9,1,363720,30310.0,30310,30310,2018,10,1,1,1,1,1,4357370,363114.1666666667,0,964450,3,1,2,1,1
1566,1,31.0,1.0,6,0,59451,59451.0,59451,59451,2020,6,3,3,3,3,3,0,0.0,0,0,1,1,1,1,0
1567,3,36.0,0.0,22,1,140178,46726.0,46726,46726,2019,7,3,3,3,3,3,0,0.0,0,0,1,1,1,1,1
1568,1,34.0,0.0,20,1,70455,70455.0,70455,70455,2020,12,2,2,2,2,2,0,0.0,0,0,1,1,1,1,0
1569,17,25.0,0.0,21,2,964920,56760.0,56760,56760,2018,5,1,1,1,1,1,5142070,302474.70588235295,0,1300000,4,1,3,2,1
1570,2,33.0,1.0,21,2,145006,72503.0,72503,72503,2019,10,2,2,2,2,2,0,0.0,0,0,1,1,1,1,1
1571,3,23.0,0.0,16,2,163896,54632.0,54632,54632,2019,9,1,1,1,1,1,0,0.0,0,0,1,1,1,1,1
1572,2,30.0,0.0,8,0,42490,21245.0,21245,21245,2019,6,2,2,2,2,2,0,0.0,0,0,1,1,1,1,1
1573,18,30.0,1.0,8,1,1122282,62349.0,62349,62349,2015,7,1,2,2,2,2,14199940,788885.5555555555,0,2315020,4,2,4,2,0
1574,5,27.0,0.0,14,0,364195,72839.0,72839,72839,2019,6,2,2,2,2,2,0,0.0,0,0,1,1,1,1,1
1575,1,34.0,0.0,15,2,111621,111621.0,111621,111621,2019,8,3,3,3,3,3,0,0.0,0,0,1,1,1,1,1
1576,7,29.0,0.0,26,2,502180,71740.0,71740,71740,2020,4,3,3,3,3,3,4233130,604732.8571428572,-88620,1469070,4,2,2,2,0
1577,3,32.0,1.0,24,0,131889,43963.0,43963,43963,2019,9,2,2,2,2,2,0,0.0,0,0,1,1,1,1,1
1578,12,42.0,0.0,13,2,659064,54922.0,54922,54922,2018,10,2,2,2,2,2,5583580,465298.3333333333,0,894160,3,1,3,2,1
1579,10,24.0,0.0,10,0,327790,32779.0,32779,32779,2019,12,1,1,1,1,1,4905580,490558.0,0,1446060,4,1,2,1,0
1580,4,27.0,0.0,27,0,92596,23149.0,23149,23149,2019,9,2,2,2,2,2,0,0.0,0,0,1,1,1,1,1
1581,1,29.0,0.0,15,0,25873,25873.0,25873,25873,2019,6,1,1,1,1,1,0,0.0,0,0,1,1,1,1,1
1582,6,39.0,0.0,3,1,316266,52711.0,52711,52711,2018,8,2,2,2,2,2,2659790,443298.3333333333,0,1513770,2,2,2,2,1
1583,1,27.0,1.0,16,0,12456,12456.0,12456,12456,2018,5,1,1,1,1,1,0,0.0,0,0,1,1,1,1,1
1585,13,48.0,0.0,7,1,1529372,117644.0,117644,117644,2013,6,2,4,4,4,4,3958800,304523.07692307694,0,825840,3,1,1,1,1
1586,3,30.0,1.0,6,0,226929,75643.0,75643,75643,2020,9,2,2,2,2,2,0,0.0,0,0,1,1,1,1,0
1587,5,46.0,1.0,20,0,240555,48111.0,48111,48111,2018,2,2,2,2,2,2,2682430,536486.0,0,2065480,3,1,3,1,0
1588,22,42.0,0.0,5,1,1859352,84516.0,84516,84516,2015,9,1,2,2,2,2,17125740,778442.7272727273,0,2634560,4,2,2,3,0
1589,5,39.0,0.0,15,2,275185,55037.0,55037,55037,2018,10,3,3,3,3,3,1462050,292410.0,-250000,776030,1,1,1,1,1
1590,4,31.0,1.0,17,0,153584,38396.0,38396,38396,2020,6,2,2,2,2,2,0,0.0,0,0,1,1,1,1,1
1591,1,28.0,0.0,19,1,43897,43897.0,43897,43897,2018,12,2,2,2,2,2,0,0.0,0,0,1,1,1,1,1
1592,6,25.0,1.0,29,2,348306,58051.0,58051,58051,2020,5,1,1,1,1,1,2606540,434423.3333333333,0,773580,3,2,2,2,0
1593,2,27.0,0.0,28,0,99772,49886.0,49886,49886,2020,11,2,2,2,2,2,0,0.0,0,0,1,1,1,1,1
1594,5,33.0,0.0,20,1,380505,76101.0,76101,76101,2020,7,3,3,3,3,3,450700,90140.0,0,250000,1,1,1,1,0
1595,5,29.0,0.0,22,1,137860,27572.0,27572,27572,2018,8,1,1,1,1,1,1598960,319792.0,130440,557020,3,2,2,2,0
1597,9,38.0,1.0,17,1,491400,54600.0,54600,54600,2015,5,2,2,2,2,2,2512600,279177.77777777775,0,700000,3,1,2,3,1
1598,12,35.0,0.0,20,2,1143408,95284.0,95284,95284,2019,10,4,4,4,4,4,9876020,823001.6666666666,-1233160,3003260,2,1,1,2,0
1599,4,30.0,1.0,9,2,435248,108812.0,108812,108812,2020,7,3,3,3,3,3,301200,75300.0,0,301200,1,1,1,1,0
1600,11,37.0,0.0,14,2,913913,83083.0,83083,83083,2019,8,3,3,3,3,3,5893790,535799.0909090909,0,1464080,4,1,1,4,1
1601,5,31.0,0.0,12,0,299660,59932.0,59932,59932,2019,8,2,2,2,2,2,0,0.0,0,0,1,1,1,1,1
1602,5,38.0,0.0,10,0,113225,22645.0,22645,22645,2018,9,1,1,1,1,1,566890,113378.0,0,239180,2,1,2,1,1
1603,1,28.0,1.0,20,2,66465,66465.0,66465,66465,2018,10,1,1,1,1,1,0,0.0,0,0,1,1,1,1,1
1605,7,42.0,0.0,16,0,355824,50832.0,50832,50832,2020,5,1,1,1,1,1,3522790,503255.71428571426,0,1103050,3,3,3,3,0
1606,18,44.0,1.0,12,1,1784286,99127.0,99127,99127,2014,8,1,3,3,3,3,15551140,863952.2222222222,0,2030320,4,2,3,2,0
1607,7,26.0,0.0,15,2,542339,77477.0,77477,77477,2020,1,3,3,3,3,3,3350020,478574.28571428574,0,2850000,2,1,1,2,1
1609,4,22.0,1.0,5,0,51948,12987.0,12987,12987,2019,11,1,1,1,1,1,0,0.0,0,0,1,1,1,1,1
1610,4,38.0,0.0,7,1,464872,116218.0,116218,116218,2019,5,2,4,4,4,4,914350,228587.5,0,507940,1,1,1,1,1
1611,6,31.0,0.0,4,1,141222,23537.0,23537,23537,2018,1,1,1,1,1,1,3111530,518588.3333333333,0,2272720,4,1,2,2,1
1612,22,35.0,0.0,27,0,1533334,69697.0,69697,69697,2018,10,2,2,2,2,2,10697410,486245.9090909091,-960160,2525200,4,1,3,1,1
1613,4,33.0,0.0,26,0,182124,45531.0,45531,45531,2020,1,2,2,2,2,2,0,0.0,0,0,1,1,1,1,1
1614,1,42.0,0.0,27,1,20797,20797.0,20797,20797,2018,7,2,2,2,2,2,0,0.0,0,0,1,1,1,1,1
1616,7,44.0,0.0,14,1,702079,100297.0,100297,100297,2017,10,5,5,5,5,5,0,0.0,0,0,1,1,1,1,1
1617,3,34.0,0.0,3,2,135459,45153.0,45153,45153,2020,3,1,1,1,1,1,0,0.0,0,0,1,1,1,1,1
1618,2,29.0,0.0,1,1,113970,56985.0,56985,56985,2020,11,2,2,2,2,2,0,0.0,0,0,1,1,1,1,0
1621,7,27.0,0.0,25,2,203301,29043.0,29043,29043,2018,1,1,1,1,1,1,7519640,1074234.2857142857,0,3927000,4,1,4,4,1
1622,2,35.0,0.0,20,0,42824,21412.0,21412,21412,2020,9,2,2,2,2,2,0,0.0,0,0,1,1,1,1,0
1623,19,37.0,0.0,5,2,1794303,94437.0,94437,94437,2015,8,1,3,3,3,3,10869260,572066.3157894737,0,2250010,3,2,2,3,0
1624,2,30.0,1.0,13,1,145978,72989.0,72989,72989,2018,12,3,3,3,3,3,101850,50925.0,0,101850,1,1,1,1,1
1625,2,40.0,0.0,29,2,112760,56380.0,56380,56380,2020,11,3,3,3,3,3,164520,82260.0,0,164520,1,1,1,1,0
1626,2,40.0,0.0,1,2,226348,113174.0,113174,113174,2020,11,4,4,4,4,4,0,0.0,0,0,1,1,1,1,0
1627,3,31.0,0.0,1,1,103419,34473.0,34473,34473,2019,6,2,2,2,2,2,0,0.0,0,0,1,1,1,1,1
1628,1,37.0,0.0,27,0,35189,35189.0,35189,35189,2020,4,3,3,3,3,3,0,0.0,0,0,1,1,1,1,1
1629,6,38.0,0.0,12,0,674544,112424.0,112424,112424,2014,8,2,4,4,4,4,5780880,963480.0,203990,2488030,2,1,2,2,0
1630,2,35.0,1.0,28,1,197136,98568.0,98568,98568,2019,12,2,2,2,2,2,0,0.0,0,0,1,1,1,1,1
1631,11,23.0,1.0,6,2,791824,71984.0,71984,71984,2018,1,1,3,3,3,3,9009340,819030.9090909091,-284190,6125040,3,1,3,2,1
1633,11,31.0,1.0,29,0,573386,52126.0,52126,52126,2019,11,2,2,2,2,2,5803060,527550.9090909091,0,1021890,3,2,2,2,0
1634,2,23.0,1.0,21,1,81636,40818.0,40818,40818,2020,9,1,1,1,1,1,270780,135390.0,0,270780,1,1,1,1,0
1635,1,29.0,0.0,20,0,13417,13417.0,13417,13417,2018,12,1,1,1,1,1,110280,110280.0,110280,110280,1,1,1,1,0
1636,3,31.0,0.0,12,2,185136,61712.0,61712,61712,2020,3,3,3,3,3,3,0,0.0,0,0,1,1,1,1,0
1637,5,34.0,1.0,1,2,341045,68209.0,68209,68209,2020,8,3,3,3,3,3,948670,189734.0,0,412000,1,1,1,1,0
1638,12,33.0,1.0,2,1,1474044,122837.0,122837,122837,2019,4,3,3,3,3,3,57298820,4774901.666666667,996480,10951600,4,4,4,4,1
1639,6,47.0,0.0,8,1,303198,50533.0,50533,50533,2018,9,1,1,1,1,1,738300,123050.0,0,250000,1,1,1,1,1
1640,11,28.0,0.0,28,1,969859,88169.0,88169,88169,2019,11,3,3,3,3,3,10812890,982990.0,0,2952880,4,1,4,3,1
1642,21,50.0,0.0,29,2,1171254,55774.0,55774,55774,2018,9,2,2,2,2,2,12178880,579946.6666666666,-619680,2097970,4,1,2,1,0
1643,3,36.0,0.0,25,1,143976,47992.0,47992,47992,2018,9,1,1,1,1,1,304610,101536.66666666667,0,304610,1,1,1,1,1
1644,20,48.0,1.0,9,1,2110260,105513.0,105513,105513,2014,4,2,4,4,4,4,21460770,1073038.5,0,3344300,3,1,2,3,0
1645,5,25.0,0.0,3,0,79110,15822.0,15822,15822,2019,10,1,1,1,1,1,0,0.0,-150530,150530,1,1,1,1,1
1646,3,33.0,1.0,1,2,224709,74903.0,74903,74903,2020,5,3,3,3,3,3,0,0.0,0,0,1,1,1,1,0
1647,3,26.0,0.0,3,2,108342,36114.0,36114,36114,2018,9,1,1,1,1,1,650770,216923.33333333334,102560,306050,1,1,1,1,0
1650,1,31.0,1.0,23,0,34600,34600.0,34600,34600,2020,12,2,2,2,2,2,0,0.0,0,0,1,1,1,1,0
1651,15,43.0,0.0,18,0,329130,21942.0,21942,21942,2018,10,1,1,1,1,1,3926300,261753.33333333334,0,695860,3,1,2,2,0
1652,8,33.0,0.0,3,1,1017544,127193.0,127193,127193,2020,5,3,3,3,3,3,1335220,166902.5,0,275160,2,1,1,2,0
1653,4,32.0,1.0,19,0,65944,16486.0,16486,16486,2020,4,1,1,1,1,1,0,0.0,0,0,1,1,1,1,1
1655,19,34.0,1.0,11,1,821788,43252.0,43252,43252,2015,8,1,2,2,2,2,12659890,666310.0,106670,2803840,4,2,2,2,0
1657,16,40.0,0.0,10,0,1614272,100892.0,100892,100892,2015,9,1,4,4,4,4,10766940,672933.75,235940,1100650,2,2,2,2,0
1658,13,30.0,1.0,22,2,445042,34234.0,34234,34234,2019,11,1,1,1,1,1,3096340,238180.0,0,503330,2,1,2,2,0
1659,3,25.0,1.0,22,1,182064,60688.0,60688,60688,2019,8,2,2,2,2,2,0,0.0,0,0,1,1,1,1,1
1661,3,43.0,0.0,20,1,65694,21898.0,21898,21898,2016,5,1,1,1,1,1,338920,112973.33333333333,0,237510,1,1,1,1,1
1662,20,43.0,1.0,1,0,2419080,120954.0,120954,120954,2015,9,1,3,3,3,3,17693840,884692.0,0,2549380,3,2,3,3,0
1663,5,36.0,0.0,5,2,297405,59481.0,59481,59481,2019,11,2,2,2,2,2,0,0.0,0,0,1,1,1,1,0
1664,18,52.0,1.0,27,1,1653102,91839.0,91839,91839,2016,1,1,4,4,4,4,18707090,1039282.7777777778,100150,3737990,2,2,2,2,1
1665,5,35.0,0.0,12,1,260875,52175.0,52175,52175,2020,4,2,2,2,2,2,720160,144032.0,0,464680,2,1,2,1,1
1666,5,34.0,0.0,21,1,214220,42844.0,42844,42844,2020,7,2,2,2,2,2,2921180,584236.0,0,2061300,4,1,1,4,0
1667,2,42.0,0.0,29,1,117068,58534.0,58534,58534,2019,4,3,3,3,3,3,0,0.0,0,0,1,1,1,1,1
1668,14,33.0,1.0,15,0,736890,52635.0,52635,52635,2019,8,2,2,2,2,2,2827270,201947.85714285713,0,1125000,3,1,3,1,0
1669,14,22.0,0.0,25,0,154952,11068.0,11068,11068,2019,9,1,1,1,1,1,2403650,171689.2857142857,-500000,687820,2,1,1,2,1
1670,17,34.0,1.0,1,1,422875,24875.0,24875,24875,2018,3,1,1,1,1,1,9316860,548050.5882352941,0,2870090,4,2,4,3,0
1671,2,29.0,1.0,9,0,125378,62689.0,62689,62689,2019,12,3,3,3,3,3,0,0.0,0,0,1,1,1,1,1
1672,4,37.0,1.0,14,1,463912,115978.0,115978,115978,2017,1,4,4,4,4,4,0,0.0,0,0,1,1,1,1,1
1673,8,52.0,1.0,14,2,654272,81784.0,81784,81784,2018,6,1,2,2,2,2,2602330,325291.25,193520,629630,3,1,3,2,0
1674,5,34.0,1.0,1,2,108135,21627.0,21627,21627,2019,10,1,1,1,1,1,219010,43802.0,0,116100,1,1,1,1,1
1675,13,42.0,1.0,14,2,701090,53930.0,53930,53930,2018,7,1,1,1,1,1,18838440,1449110.7692307692,0,6446290,4,1,4,3,1
1676,3,35.0,1.0,27,2,212493,70831.0,70831,70831,2020,8,2,2,2,2,2,965590,321863.3333333333,0,965590,2,1,2,2,0
1677,1,33.0,1.0,10,2,123255,123255.0,123255,123255,2018,1,2,2,2,2,2,4513790,4513790.0,4513790,4513790,4,4,4,4,0
1678,20,34.0,0.0,16,0,826100,41305.0,41305,41305,2017,11,2,2,2,2,2,4859260,242963.0,0,650000,2,1,1,2,0
1679,19,36.0,0.0,12,2,1050415,55285.0,55285,55285,2018,7,1,2,2,2,2,13336300,701910.5263157894,0,1825180,3,2,2,2,0
1680,7,32.0,1.0,9,1,457093,65299.0,65299,65299,2020,1,2,2,2,2,2,2514040,359148.5714285714,0,799320,3,1,1,3,1
1681,3,29.0,0.0,18,2,120975,40325.0,40325,40325,2018,8,1,1,1,1,1,500000,166666.66666666666,0,250000,1,1,1,1,1
1682,5,24.0,0.0,24,2,243555,48711.0,48711,48711,2020,5,2,2,2,2,2,1989440,397888.0,0,1063200,2,2,2,2,1
1683,2,39.0,1.0,9,0,201596,100798.0,100798,100798,2020,5,3,3,3,3,3,147600,73800.0,0,147600,1,1,1,1,0
1685,5,34.0,1.0,25,1,284580,56916.0,56916,56916,2018,8,1,1,1,1,1,1715560,343112.0,0,1260390,3,1,1,3,1
1686,4,34.0,0.0,15,0,123836,30959.0,30959,30959,2020,6,1,1,1,1,1,174000,43500.0,0,174000,1,1,1,1,1
1687,6,33.0,0.0,3,2,271242,45207.0,45207,45207,2020,2,1,1,1,1,1,0,0.0,0,0,2,1,1,1,1
1688,3,28.0,0.0,28,2,196344,65448.0,65448,65448,2019,8,2,2,2,2,2,0,0.0,0,0,1,1,1,1,1
1689,4,36.0,1.0,3,2,203236,50809.0,50809,50809,2019,6,3,3,3,3,3,123720,30930.0,0,123720,1,1,1,1,0
1690,10,35.0,0.0,28,1,877940,87794.0,87794,87794,2013,10,2,3,3,3,3,4734870,473487.0,0,1240880,3,1,1,1,1
1692,1,34.0,0.0,3,2,82666,82666.0,82666,82666,2019,8,3,3,3,3,3,0,0.0,0,0,1,1,1,1,1
1693,3,34.0,1.0,21,1,145968,48656.0,48656,48656,2020,1,2,2,2,2,2,1283780,427926.6666666667,0,878060,2,2,2,2,0
1694,19,29.0,0.0,15,1,1173991,61789.0,61789,61789,2016,4,1,2,2,2,2,21556340,1134544.2105263157,281160,4194960,4,2,4,2,0
1695,6,34.0,0.0,2,2,569598,94933.0,94933,94933,2020,3,3,3,3,3,3,302530,50421.666666666664,0,302530,1,1,1,1,1
1696,2,43.0,1.0,8,2,102492,51246.0,51246,51246,2020,8,2,2,2,2,2,0,0.0,0,0,1,1,1,1,0
1697,5,27.0,1.0,14,0,288135,57627.0,57627,57627,2020,2,1,1,1,1,1,0,0.0,0,0,1,1,1,1,1
1699,6,31.0,1.0,21,0,84996,14166.0,14166,14166,2020,7,1,1,1,1,1,360000,60000.0,0,360000,1,1,1,1,1
1701,7,32.0,1.0,9,0,120638,17234.0,17234,17234,2019,12,1,1,1,1,1,983750,140535.7142857143,0,983750,2,1,1,1,0
1702,6,39.0,0.0,3,0,270888,45148.0,45148,45148,2019,1,2,2,2,2,2,0,0.0,0,0,1,1,1,1,1
1703,4,27.0,1.0,2,0,157736,39434.0,39434,39434,2019,7,1,1,1,1,1,0,0.0,0,0,1,1,1,1,1
1704,11,30.0,1.0,18,1,1261161,114651.0,114651,114651,2018,3,1,3,3,3,3,26951370,2450124.5454545454,-284670,12849540,4,2,4,4,0
1706,1,30.0,1.0,16,2,104897,104897.0,104897,104897,2020,5,3,3,3,3,3,0,0.0,0,0,1,1,1,1,0
1707,3,34.0,1.0,6,0,63387,21129.0,21129,21129,2020,9,1,1,1,1,1,713760,237920.0,0,512040,3,1,3,1,0
1708,1,25.0,0.0,19,0,57063,57063.0,57063,57063,2020,12,2,2,2,2,2,0,0.0,0,0,1,1,1,1,0
1709,3,34.0,0.0,17,0,107469,35823.0,35823,35823,2019,8,1,1,1,1,1,0,0.0,0,0,1,1,1,1,1
1710,2,43.0,1.0,7,1,242478,121239.0,121239,121239,2020,10,3,3,3,3,3,550380,275190.0,0,550380,3,3,3,3,0
1712,3,27.0,0.0,18,1,314262,104754.0,104754,104754,2020,9,3,3,3,3,3,0,0.0,0,0,1,1,1,1,0
1714,17,28.0,0.0,26,1,672503,39559.0,39559,39559,2016,1,1,2,2,2,2,8290090,487652.35294117645,0,1958300,4,1,2,2,0
1715,4,29.0,0.0,23,0,267740,66935.0,66935,66935,2019,1,2,2,2,2,2,510930,127732.5,0,510930,1,1,1,1,1
1716,9,32.0,1.0,7,0,805527,89503.0,89503,89503,2016,5,1,4,4,4,4,15173240,1685915.5555555555,0,9100910,3,1,3,2,1
1717,3,24.0,0.0,2,2,83079,27693.0,27693,27693,2020,5,1,1,1,1,1,0,0.0,0,0,1,1,1,1,1
1718,17,36.0,1.0,26,0,1626186,95658.0,95658,95658,2013,10,2,4,4,4,4,7823140,460184.70588235295,0,3250350,2,1,2,1,1
1719,12,46.0,1.0,3,0,533964,44497.0,44497,44497,2018,10,1,1,1,1,1,3562080,296840.0,0,458850,3,2,2,2,1
1720,4,33.0,0.0,29,0,292488,73122.0,73122,73122,2019,12,3,3,3,3,3,0,0.0,-291920,291920,1,1,1,1,1
1721,2,36.0,1.0,5,0,52412,26206.0,26206,26206,2018,9,2,2,2,2,2,0,0.0,0,0,1,1,1,1,0
1722,15,42.0,0.0,27,2,1152090,76806.0,76806,76806,2015,7,1,3,3,3,3,4911000,327400.0,-86240,1293710,2,1,1,1,1
1723,2,30.0,0.0,1,1,58566,29283.0,29283,29283,2020,10,1,1,1,1,1,0,0.0,0,0,1,1,1,1,0
1724,4,39.0,0.0,1,1,226144,56536.0,56536,56536,2020,9,2,2,2,2,2,994340,248585.0,0,541390,2,1,2,2,0
1725,3,25.0,0.0,2,0,142695,47565.0,47565,47565,2020,9,2,2,2,2,2,0,0.0,0,0,1,1,1,1,0
1726,2,29.0,0.0,8,1,78242,39121.0,39121,39121,2019,6,1,1,1,1,1,0,0.0,0,0,1,1,1,1,1
1727,1,34.0,0.0,1,0,29359,29359.0,29359,29359,2018,6,1,1,1,1,1,0,0.0,0,0,1,1,1,1,1
1728,2,40.0,0.0,24,2,86094,43047.0,43047,43047,2020,10,2,2,2,2,2,0,0.0,0,0,1,1,1,1,0
1729,8,39.0,1.0,11,0,770536,96317.0,96317,96317,2014,10,1,3,3,3,3,4516780,564597.5,0,1300010,2,2,2,2,1
1731,1,29.0,1.0,28,0,61343,61343.0,61343,61343,2013,9,1,5,5,5,5,0,0.0,0,0,1,1,1,1,1
1732,1,39.0,1.0,10,1,42723,42723.0,42723,42723,2018,6,1,1,1,1,1,0,0.0,0,0,1,1,1,1,1
1733,21,43.0,0.0,8,2,866796,41276.0,41276,41276,2016,4,1,1,1,1,1,10184310,484967.14285714284,0,1577680,3,2,2,3,0
1734,4,25.0,0.0,19,2,90300,22575.0,22575,22575,2018,1,1,1,1,1,1,2222160,555540.0,0,1564920,3,1,3,3,0
1735,3,31.0,0.0,21,1,275361,91787.0,91787,91787,2020,7,3,3,3,3,3,354660,118220.0,0,354660,1,1,1,1,1
1736,3,32.0,0.0,27,1,147366,49122.0,49122,49122,2018,12,1,1,1,1,1,0,0.0,0,0,1,1,1,1,1
1737,3,29.0,0.0,10,1,95319,31773.0,31773,31773,2020,4,1,1,1,1,1,0,0.0,0,0,1,1,1,1,1
1738,11,29.0,0.0,26,1,593208,53928.0,53928,53928,2016,4,1,1,1,1,1,5194430,472220.9090909091,0,1573160,4,1,2,4,1
1739,2,30.0,0.0,7,1,113734,56867.0,56867,56867,2020,5,2,2,2,2,2,0,0.0,0,0,1,1,1,1,0
1740,1,27.0,1.0,22,2,53857,53857.0,53857,53857,2020,12,1,1,1,1,1,0,0.0,0,0,1,1,1,1,0
1741,7,39.0,0.0,12,1,665973,95139.0,95139,95139,2020,5,3,3,3,3,3,5814180,830597.1428571428,0,2048830,4,1,4,1,0
1742,3,32.0,1.0,27,2,287466,95822.0,95822,95822,2020,5,3,3,3,3,3,0,0.0,0,0,1,1,1,1,1
1743,13,38.0,0.0,18,0,587119,45163.0,45163,45163,2018,8,2,2,2,2,2,8427040,648233.8461538461,0,1762470,4,1,3,2,0
1744,1,23.0,0.0,22,0,47072,47072.0,47072,47072,2018,8,1,1,1,1,1,0,0.0,0,0,1,1,1,1,1
1745,20,31.0,0.0,18,2,2992740,149637.0,149637,149637,2014,12,2,4,4,4,4,18047850,902392.5,-243840,6214900,3,1,2,2,0
1746,14,51.0,1.0,12,2,538692,38478.0,38478,38478,2018,9,1,2,2,2,2,3796570,271183.5714285714,0,770320,2,1,2,1,1
1749,2,32.0,1.0,1,2,67362,33681.0,33681,33681,2016,8,1,1,1,1,1,403730,201865.0,201020,202710,1,1,1,1,0
1751,2,30.0,0.0,5,2,121694,60847.0,60847,60847,2019,8,2,2,2,2,2,0,0.0,0,0,1,1,1,1,1
1752,5,35.0,1.0,15,1,400470,80094.0,80094,80094,2020,4,3,3,3,3,3,466760,93352.0,0,193150,3,1,3,1,0
1753,17,41.0,0.0,13,0,809166,47598.0,47598,47598,2015,7,1,1,1,1,1,10309030,606413.5294117647,215250,2012690,4,2,2,3,0
1754,3,25.0,1.0,10,2,128925,42975.0,42975,42975,2019,1,1,1,1,1,1,-500000,-166666.66666666666,-500000,0,1,1,1,1,1
1755,3,29.0,0.0,2,1,113985,37995.0,37995,37995,2019,11,2,2,2,2,2,0,0.0,0,0,1,1,1,1,1
1756,19,42.0,1.0,13,1,969304,51016.0,51016,51016,2017,11,2,3,3,3,3,9372460,493287.36842105264,0,2147450,3,1,2,3,1
1757,3,35.0,1.0,3,1,94500,31500.0,31500,31500,2020,3,1,1,1,1,1,485570,161856.66666666666,0,485570,2,1,1,1,1
1758,5,40.0,0.0,27,2,338425,67685.0,67685,67685,2019,12,3,3,3,3,3,0,0.0,0,0,1,1,1,1,0
1759,1,31.0,0.0,28,2,22738,22738.0,22738,22738,2018,8,1,1,1,1,1,0,0.0,0,0,1,1,1,1,1
1760,8,31.0,0.0,4,1,247968,30996.0,30996,30996,2018,12,1,1,1,1,1,439470,54933.75,0,323030,1,1,1,1,1
1761,8,39.0,0.0,20,2,1194832,149354.0,149354,149354,2016,2,5,5,5,5,5,0,0.0,0,0,1,1,1,1,0
1763,2,22.0,1.0,12,0,66084,33042.0,33042,33042,2019,11,1,1,1,1,1,0,0.0,0,0,1,1,1,1,1
1764,3,38.0,0.0,7,2,230412,76804.0,76804,76804,2020,8,3,3,3,3,3,196060,65353.333333333336,-344010,540070,1,1,1,1,0
1766,3,32.0,0.0,20,1,69663,23221.0,23221,23221,2020,10,3,3,3,3,3,0,0.0,0,0,1,1,1,1,0
1769,7,33.0,0.0,2,2,319263,45609.0,45609,45609,2018,7,1,1,1,1,1,626620,89517.14285714286,0,365630,1,1,1,1,1
1770,19,38.0,1.0,4,2,1617706,85142.42105263157,92440,84737,2016,5,1,4,3,3,3,28461940,1497996.8421052631,0,8361440,4,1,1,4,0
1771,2,34.0,1.0,15,0,81370,40685.0,40685,40685,2020,3,2,2,2,2,2,0,0.0,0,0,1,1,1,1,0
1773,4,27.0,1.0,11,2,325540,81385.0,81385,81385,2018,5,1,2,2,2,2,642820,160705.0,103970,302180,1,1,1,1,0
1774,6,35.0,0.0,23,2,499452,83242.0,83242,83242,2020,6,2,2,2,2,2,484200,80700.0,0,484200,1,1,1,1,1
1775,2,37.0,1.0,18,1,170664,85332.0,85332,85332,2020,10,3,3,3,3,3,0,0.0,0,0,1,1,1,1,0
1776,6,37.0,0.0,11,2,441396,73566.0,73566,73566,2020,7,2,2,2,2,2,8743580,1457263.3333333333,0,3380920,4,4,4,4,0
1778,9,29.0,0.0,3,2,431820,47980.0,47980,47980,2018,6,2,2,2,2,2,3733590,414843.3333333333,0,1499980,2,1,2,1,1
1779,4,28.0,0.0,3,0,236820,59205.0,59205,59205,2020,7,1,1,1,1,1,630200,157550.0,0,630200,2,1,2,2,1
1781,5,39.0,0.0,25,2,455320,91064.0,91064,91064,2020,2,3,3,3,3,3,187950,37590.0,0,187950,1,1,1,1,1
1782,17,40.0,1.0,18,1,1720859,101227.0,101227,101227,2015,11,1,3,3,3,3,10493520,617265.8823529412,0,2094850,3,2,2,3,0
1783,20,45.0,0.0,14,0,1014776,50738.8,54718,49744,2018,7,1,3,2,3,2,30064690,1503234.5,369490,4170930,4,3,4,4,0
1784,8,30.0,1.0,23,2,469368,58671.0,58671,58671,2016,11,1,2,2,2,2,2470900,308862.5,0,699390,2,1,2,1,1
1785,2,31.0,0.0,27,1,134134,67067.0,67067,67067,2020,7,3,3,3,3,3,0,0.0,0,0,1,1,1,1,1
1786,3,24.0,0.0,9,1,190731,63577.0,63577,63577,2018,9,1,1,1,1,1,893410,297803.3333333333,0,641460,2,2,2,2,1
1788,3,32.0,1.0,4,1,149088,49696.0,49696,49696,2019,12,2,2,2,2,2,0,0.0,0,0,1,1,1,1,1
1789,3,31.0,0.0,25,1,68625,22875.0,22875,22875,2019,7,1,1,1,1,1,0,0.0,0,0,1,1,1,1,0
1791,1,41.0,0.0,29,1,54377,54377.0,54377,54377,2020,11,2,2,2,2,2,0,0.0,0,0,1,1,1,1,0
1792,2,39.0,0.0,26,0,123226,61613.0,61613,61613,2018,7,3,3,3,3,3,2342890,1171445.0,839270,1503620,2,2,2,2,0
1793,6,28.0,1.0,24,2,292404,48734.0,48734,48734,2020,5,2,2,2,2,2,2303250,383875.0,0,784720,3,1,2,3,0
1795,4,29.0,0.0,14,1,243056,60764.0,60764,60764,2018,1,2,3,3,3,3,117320,29330.0,0,117320,1,1,1,1,0
1796,8,38.0,0.0,6,2,497632,62204.0,62204,62204,2019,10,2,2,2,2,2,290950,36368.75,0,150070,1,1,1,1,1
1797,6,25.0,0.0,8,1,273156,45526.0,45526,45526,2019,12,1,1,1,1,1,460990,76831.66666666667,0,310770,1,1,1,1,1
1800,5,32.0,0.0,3,1,177710,35542.0,35542,35542,2019,10,2,2,2,2,2,306770,61354.0,0,153680,1,1,1,1,1
1801,5,26.0,1.0,16,1,288570,57714.0,57714,57714,2020,5,1,1,1,1,1,1363580,272716.0,0,754830,2,2,2,2,0
1802,2,25.0,0.0,18,2,53040,26520.0,26520,26520,2020,11,2,2,2,2,2,0,0.0,0,0,1,1,1,1,0
1803,5,34.0,0.0,3,2,264570,52914.0,52914,52914,2018,5,1,1,1,1,1,-900620,-180124.0,-1590270,589650,1,1,1,1,1
1804,2,31.0,0.0,15,2,173626,86813.0,86813,86813,2020,10,3,3,3,3,3,300830,150415.0,0,300830,1,1,1,1,0
1805,5,40.0,0.0,19,0,298180,59636.0,59636,59636,2020,5,3,3,3,3,3,2056960,411392.0,0,1906370,3,1,1,3,0
1807,4,29.0,0.0,2,1,66324,16581.0,16581,16581,2020,9,1,1,1,1,1,341060,85265.0,0,341060,1,1,1,1,0
1808,12,52.0,0.0,6,1,789048,65754.0,65754,65754,2018,9,3,3,3,3,3,7067580,588965.0,0,2204300,3,1,2,1,1
1809,3,38.0,0.0,22,1,227505,75835.0,75835,75835,2019,6,2,4,4,4,4,200000,66666.66666666667,0,200000,1,1,1,1,1
1810,6,36.0,0.0,13,0,544458,90743.0,90743,90743,2018,10,1,3,3,3,3,10635230,1772538.3333333333,0,8224260,4,1,4,4,0
1811,17,37.0,0.0,9,2,1132727,66631.0,66631,66631,2017,6,1,2,2,2,2,11672300,686605.8823529412,0,2532660,4,2,3,3,0
1813,2,43.0,0.0,14,2,176408,88204.0,88204,88204,2019,7,4,4,4,4,4,0,0.0,0,0,2,2,2,2,0
1814,13,27.0,1.0,4,0,1625143,125011.0,125011,125011,2016,1,1,4,4,4,4,14103710,1084900.7692307692,0,3249120,3,1,3,2,1
1815,3,32.0,0.0,3,1,132324,44108.0,44108,44108,2020,9,2,2,2,2,2,739760,246586.66666666666,0,439490,2,1,1,2,0
1816,2,27.0,1.0,7,0,107840,53920.0,53920,53920,2018,10,1,1,1,1,1,101890,50945.0,0,101890,1,1,1,1,1
1817,21,41.0,1.0,8,1,1230594,58599.71428571428,64154,58322,2015,7,1,3,2,2,2,17100590,814313.8095238095,0,2427090,4,2,4,2,0
1818,3,30.0,0.0,25,2,76737,25579.0,25579,25579,2020,5,2,2,2,2,2,0,0.0,0,0,1,1,1,1,1
1819,2,23.0,0.0,16,1,60684,30342.0,30342,30342,2020,8,1,1,1,1,1,0,0.0,0,0,1,1,1,1,1
1820,1,37.0,1.0,20,1,57083,57083.0,57083,57083,2018,12,2,2,2,2,2,0,0.0,0,0,1,1,1,1,1
1823,8,44.0,0.0,25,0,370472,46309.0,46309,46309,2018,8,2,2,2,2,2,2094860,261857.5,0,742160,2,1,1,1,1
1824,5,22.0,0.0,26,0,135115,27023.0,27023,27023,2018,9,1,1,1,1,1,571830,114366.0,0,384000,3,1,3,1,1
1825,3,51.0,0.0,13,0,35829,11943.0,11943,11943,2018,5,1,1,1,1,1,395400,131800.0,0,305400,1,1,1,1,1
1826,7,31.0,0.0,7,1,1018381,145483.0,145483,145483,2019,7,3,3,3,3,3,2924210,417744.28571428574,0,1291000,2,1,2,2,0
1828,2,34.0,0.0,16,0,93732,46866.0,46866,46866,2020,9,3,3,3,3,3,812700,406350.0,267850,544850,2,2,2,2,0
1829,4,32.0,1.0,2,1,212724,53181.0,53181,53181,2018,12,1,1,1,1,1,0,0.0,0,0,1,1,1,1,1
1830,10,33.0,0.0,6,0,300440,30044.0,30044,30044,2020,1,1,1,1,1,1,5368130,536813.0,84000,1055150,3,2,3,3,0
1831,4,38.0,0.0,5,1,171840,42960.0,42960,42960,2020,7,3,3,3,3,3,404520,101130.0,0,404520,1,1,1,1,0
1832,5,41.0,0.0,4,2,681535,136307.0,136307,136307,2018,6,5,5,5,5,5,100370,20074.0,0,100370,1,1,1,1,1
1834,1,39.0,0.0,17,0,39994,39994.0,39994,39994,2019,6,2,2,2,2,2,0,0.0,0,0,1,1,1,1,1
1835,6,28.0,0.0,1,2,255042,42507.0,42507,42507,2018,5,1,2,2,2,2,1162100,193683.33333333334,0,662100,2,1,2,1,1
1836,6,34.0,1.0,20,0,291276,48546.0,48546,48546,2020,5,2,2,2,2,2,1682960,280493.3333333333,0,1522040,3,1,1,3,0
1837,5,30.0,0.0,15,0,401840,80368.0,80368,80368,2020,6,2,2,2,2,2,2669060,533812.0,0,1193060,4,1,4,4,0
1838,2,28.0,1.0,7,2,44190,22095.0,22095,22095,2018,9,1,1,1,1,1,101980,50990.0,0,101980,1,1,1,1,1
1839,3,38.0,0.0,2,0,47583,15861.0,15861,15861,2020,10,1,1,1,1,1,0,0.0,0,0,1,1,1,1,0
1840,20,31.0,1.0,6,1,694240,34712.0,34712,34712,2017,11,1,2,2,2,2,17290010,864500.5,103070,3235730,4,2,3,2,0
1841,22,33.0,0.0,24,0,2718430,123565.0,123565,123565,2014,9,1,3,3,3,3,32500560,1477298.1818181819,-106720,6073630,4,1,3,4,0
1842,2,28.0,1.0,23,0,137674,68837.0,68837,68837,2020,6,2,2,2,2,2,0,0.0,0,0,1,1,1,1,1
1843,5,35.0,0.0,6,0,569285,113857.0,113857,113857,2020,2,3,3,3,3,3,150350,30070.0,-199650,350000,1,1,1,1,1
1844,3,42.0,1.0,1,1,52428,17476.0,17476,17476,2018,12,1,1,1,1,1,103970,34656.666666666664,0,103970,1,1,1,1,1
1845,4,30.0,0.0,9,2,183244,45811.0,45811,45811,2018,5,1,2,2,2,2,1751740,437935.0,100070,1062210,2,2,2,2,0
1846,4,39.0,1.0,3,1,166016,41504.0,41504,41504,2020,6,2,2,2,2,2,0,0.0,0,0,1,1,1,1,1
1847,8,33.0,1.0,24,1,209280,26160.0,26160,26160,2018,5,1,1,1,1,1,1488160,186020.0,0,527000,2,1,2,2,1
1848,2,28.0,0.0,13,2,81342,40671.0,40671,40671,2019,11,1,1,1,1,1,0,0.0,0,0,1,1,1,1,1
1849,14,33.0,0.0,6,2,742868,53062.0,53062,53062,2018,1,1,2,2,2,2,10534410,752457.8571428572,0,3185600,4,1,4,2,0
1850,5,34.0,1.0,20,2,403895,80779.0,80779,80779,2020,5,2,2,2,2,2,681170,136234.0,-790,531390,2,1,1,1,1
1851,3,41.0,1.0,21,0,162540,54180.0,54180,54180,2018,11,2,2,2,2,2,0,0.0,0,0,1,1,1,1,1
1852,16,55.0,0.0,3,1,1133532,70845.75,76029,69118,2018,6,1,3,2,2,2,22091220,1380701.25,0,7435230,4,2,3,4,0
1853,8,27.0,0.0,29,2,1126664,140833.0,140833,140833,2015,8,1,4,4,4,4,11367060,1420882.5,0,7491000,3,1,2,2,1
1854,10,44.0,0.0,21,0,533550,53355.0,53355,53355,2015,7,1,2,2,2,2,3151870,315187.0,0,908920,2,2,2,2,1
1855,2,30.0,0.0,17,2,109942,54971.0,54971,54971,2019,12,2,2,2,2,2,0,0.0,0,0,1,1,1,1,1
1856,9,50.0,1.0,1,1,534879,59431.0,59431,59431,2017,12,1,4,4,4,4,20351490,2261276.6666666665,-12000,13737020,4,2,2,4,1
1858,15,27.0,1.0,28,2,732900,48860.0,48860,48860,2019,6,1,1,1,1,1,25218060,1681204.0,0,10000000,4,1,4,4,0
1859,23,35.0,0.0,22,0,855807,37209.0,37209,37209,2017,12,1,1,1,1,1,17010050,739567.3913043478,80750,4904400,4,2,4,3,0
1860,8,35.0,0.0,14,1,301632,37704.0,37704,37704,2019,12,2,2,2,2,2,234840,29355.0,-344180,344180,1,1,1,1,1
1861,1,39.0,0.0,16,0,41796,41796.0,41796,41796,2018,5,1,1,1,1,1,0,0.0,0,0,1,1,1,1,1
1862,3,44.0,1.0,25,0,167445,55815.0,55815,55815,2019,1,2,2,2,2,2,600370,200123.33333333334,0,600370,1,1,1,1,1
1863,3,29.0,0.0,27,1,235533,78511.0,78511,78511,2020,8,2,2,2,2,2,0,0.0,0,0,1,1,1,1,1
1864,16,34.0,1.0,29,1,1371008,85688.0,85688,85688,2014,8,1,3,3,3,3,21328100,1333006.25,437040,3659370,4,3,3,4,0
1865,5,41.0,0.0,11,2,258820,51764.0,51764,51764,2018,11,2,2,2,2,2,2035350,407070.0,0,887280,2,1,1,2,0
1866,6,33.0,0.0,12,1,230496,38416.0,38416,38416,2019,12,1,1,1,1,1,473500,78916.66666666667,0,273500,1,1,1,1,1
1867,4,26.0,1.0,20,2,362240,90560.0,90560,90560,2017,2,1,3,3,3,3,1150000,287500.0,0,750000,1,1,1,1,1
1868,6,43.0,1.0,27,0,470664,78444.0,78444,78444,2016,3,1,3,3,3,3,1750500,291750.0,0,998960,1,1,1,1,1
1869,11,33.0,1.0,21,1,1405107,127737.0,127737,127737,2020,1,3,3,3,3,3,2905690,264153.63636363635,0,689900,3,1,3,3,0
1871,5,29.0,0.0,5,0,212865,42573.0,42573,42573,2020,7,2,2,2,2,2,2458110,491622.0,0,1188360,3,2,2,3,0
1872,5,36.0,1.0,12,0,318695,63739.0,63739,63739,2020,3,3,3,3,3,3,0,0.0,0,0,1,1,1,1,1
1873,2,33.0,1.0,8,0,107852,53926.0,53926,53926,2020,10,2,2,2,2,2,0,0.0,0,0,1,1,1,1,0
1874,18,38.0,0.0,26,1,1000818,55601.0,55601,55601,2018,5,2,2,2,2,2,13550960,752831.1111111111,0,3444910,4,1,2,1,0
1875,22,45.0,1.0,2,2,1629980,74090.0,74090,74090,2016,1,1,3,3,3,3,22438340,1019924.5454545454,0,4340850,4,2,2,2,0
1876,4,38.0,0.0,15,1,75792,18948.0,18948,18948,2018,5,1,1,1,1,1,221660,55415.0,0,221660,1,1,1,1,1
1877,15,40.0,1.0,26,0,1764630,117642.0,126742,116992,2019,4,1,5,4,4,4,47487820,3165854.6666666665,0,6752840,4,1,3,4,1
1878,14,30.0,1.0,6,0,610092,43578.0,43578,43578,2018,12,2,2,2,2,2,4976570,355469.28571428574,-14850,966200,2,1,2,1,0
1879,8,46.0,0.0,21,1,621176,77647.0,77647,77647,2017,11,3,3,3,3,3,3557600,444700.0,0,1712600,2,1,1,2,1
1880,1,33.0,1.0,14,0,66854,66854.0,66854,66854,2020,12,2,2,2,2,2,0,0.0,0,0,1,1,1,1,0
1882,6,33.0,0.0,17,1,314826,52471.0,52471,52471,2019,11,3,3,3,3,3,4256830,709471.6666666666,0,2230000,2,1,1,2,0
1883,2,34.0,1.0,12,0,106246,53123.0,53123,53123,2019,12,3,3,3,3,3,681980,340990.0,0,681980,1,1,1,1,0
1884,5,30.0,0.0,24,1,222215,44443.0,44443,44443,2020,5,1,1,1,1,1,1055590,211118.0,0,464030,2,1,2,2,0
1886,9,30.0,0.0,16,1,163728,18192.0,18192,18192,2018,7,1,1,1,1,1,2433280,270364.44444444444,0,1698560,3,1,1,1,1
1887,3,33.0,0.0,20,1,83685,27895.0,27895,27895,2017,2,1,2,2,2,2,471290,157096.66666666666,0,250000,1,1,1,1,1
1888,9,27.0,1.0,20,0,371295,41255.0,41255,41255,2020,2,2,2,2,2,2,4030510,447834.44444444444,0,1029570,3,1,1,2,0
1889,3,30.0,1.0,10,0,119490,39830.0,39830,39830,2020,2,2,2,2,2,2,0,0.0,0,0,1,1,1,1,1
1890,1,32.0,1.0,14,1,79599,79599.0,79599,79599,2019,7,3,3,3,3,3,0,0.0,0,0,1,1,1,1,1
1892,19,44.0,0.0,19,2,1286908,67732.0,67732,67732,2015,7,1,2,2,2,2,17580410,925284.7368421053,220500,2694640,4,3,3,3,0
1893,13,39.0,0.0,26,1,1726647,132819.0,132819,132819,2017,1,5,5,5,5,5,1675670,128897.69230769231,0,830060,2,1,1,1,0
1894,1,33.0,1.0,7,2,51264,51264.0,51264,51264,2020,2,3,3,3,3,3,0,0.0,0,0,1,1,1,1,0
1895,3,26.0,0.0,28,2,101163,33721.0,33721,33721,2020,6,1,1,1,1,1,0,0.0,0,0,1,1,1,1,1
1897,8,32.0,0.0,16,2,990000,123750.0,123750,123750,2019,4,2,4,4,4,4,4294070,536758.75,0,2050120,3,1,3,3,0
1898,3,37.0,0.0,16,0,108690,36230.0,36230,36230,2019,8,3,3,3,3,3,0,0.0,0,0,1,1,1,1,1
1899,3,30.0,0.0,15,2,172743,57581.0,57581,57581,2017,11,1,1,1,1,1,221040,73680.0,0,111540,1,1,1,1,1
1900,8,30.0,0.0,13,0,196304,24538.0,24538,24538,2019,11,1,1,1,1,1,4413820,551727.5,0,1940000,3,1,1,1,1
1901,3,28.0,0.0,11,2,288795,96265.0,96265,96265,2019,7,3,3,3,3,3,0,0.0,0,0,1,1,1,1,1
1902,1,35.0,1.0,9,0,39246,39246.0,39246,39246,2020,8,2,2,2,2,2,0,0.0,0,0,1,1,1,1,0
1904,6,27.0,0.0,14,0,174888,29148.0,29148,29148,2016,6,2,2,2,2,2,670250,111708.33333333333,0,483350,2,1,1,2,1
1905,3,29.0,0.0,5,2,205254,68418.0,68418,68418,2020,8,3,3,3,3,3,213060,71020.0,0,213060,1,1,1,1,1
1906,9,34.0,0.0,23,1,684828,76092.0,76092,76092,2018,2,2,3,3,3,3,7265580,807286.6666666666,0,3317060,3,1,2,2,1
1908,3,27.0,1.0,8,0,88980,29660.0,29660,29660,2020,8,2,2,2,2,2,0,0.0,0,0,1,1,1,1,0
1909,7,31.0,1.0,21,2,256627,36661.0,36661,36661,2019,11,3,3,3,3,3,2605330,372190.0,0,1106330,2,1,2,2,1
1911,7,41.0,1.0,15,2,673001,96143.0,96143,96143,2019,11,3,3,3,3,3,3242680,463240.0,0,1316680,3,1,2,3,1
1912,7,25.0,1.0,1,0,522123,74589.0,74589,74589,2015,7,1,3,3,3,3,2038430,291204.28571428574,0,1163100,2,1,2,2,1
1913,4,34.0,0.0,26,0,129140,32285.0,32285,32285,2017,12,2,2,2,2,2,1078260,269565.0,0,598230,1,1,1,1,1
1914,6,32.0,0.0,3,2,288060,48010.0,48010,48010,2020,5,1,1,1,1,1,1739010,289835.0,0,590690,2,1,2,2,0
1916,5,37.0,1.0,16,2,173095,34619.0,34619,34619,2018,5,1,1,1,1,1,951830,190366.0,0,418710,2,1,1,2,1
1917,7,31.0,0.0,4,2,195069,27867.0,27867,27867,2018,6,1,1,1,1,1,2009590,287084.28571428574,0,788690,3,1,2,3,1
1918,23,31.0,1.0,21,0,1534486,66716.78260869565,73070,66428,2017,8,1,3,2,2,2,23502230,1021836.0869565217,128460,5520360,4,2,3,4,0
1919,4,33.0,0.0,21,2,164676,41169.0,41169,41169,2019,9,3,3,3,3,3,0,0.0,0,0,1,1,1,1,1
1922,5,27.0,0.0,20,1,128025,25605.0,25605,25605,2019,10,2,2,2,2,2,0,0.0,0,0,1,1,1,1,1
1924,17,31.0,1.0,10,1,1250078,73534.0,73534,73534,2018,2,2,2,2,2,2,11484390,675552.3529411765,0,1894950,3,2,3,3,0
1925,1,27.0,0.0,4,1,63402,63402.0,63402,63402,2020,12,2,2,2,2,2,0,0.0,0,0,1,1,1,1,0
1926,4,30.0,0.0,26,2,118300,29575.0,29575,29575,2018,1,1,1,1,1,1,728820,182205.0,100010,228120,1,1,1,1,0
1927,8,42.0,0.0,20,0,256344,32043.0,32043,32043,2017,12,1,3,3,3,3,2445810,305726.25,0,1444410,2,1,1,2,1
1928,6,29.0,0.0,13,1,419634,69939.0,69939,69939,2019,11,3,3,3,3,3,485010,80835.0,0,485010,1,1,1,1,1
1929,11,31.0,0.0,9,2,736153,66923.0,66923,66923,2019,12,2,2,2,2,2,3987320,362483.63636363635,0,1095350,3,1,1,2,0
1930,7,37.0,0.0,29,1,471219,67317.0,67317,67317,2016,11,1,2,2,2,2,571950,81707.14285714286,0,571950,1,1,1,1,0
1932,3,27.0,1.0,7,1,191694,63898.0,63898,63898,2018,5,2,2,2,2,2,418100,139366.66666666666,100440,171190,1,1,1,1,0
1933,1,32.0,1.0,24,0,40086,40086.0,40086,40086,2018,10,1,1,1,1,1,0,0.0,0,0,1,1,1,1,0
1934,1,26.0,0.0,7,2,52518,52518.0,52518,52518,2019,8,2,2,2,2,2,0,0.0,0,0,1,1,1,1,1
1935,6,32.0,0.0,8,0,361284,60214.0,60214,60214,2018,11,1,1,1,1,1,1250540,208423.33333333334,0,447770,2,2,2,2,1
1936,21,26.0,0.0,22,1,542178,25818.0,25818,25818,2018,9,1,1,1,1,1,15930230,758582.380952381,0,5000000,4,1,4,3,0
1937,8,27.0,0.0,28,1,624456,78057.0,78057,78057,2019,10,3,3,3,3,3,3425400,428175.0,0,1525400,2,1,2,1,1
1938,6,36.0,0.0,15,2,500730,83455.0,83455,83455,2020,1,3,3,3,3,3,1740350,290058.3333333333,0,1542110,3,1,1,1,1
1939,5,28.0,1.0,1,2,276575,55315.0,55315,55315,2017,11,1,2,2,2,2,923190,184638.0,-116430,644100,2,1,1,2,0
1941,3,28.0,1.0,7,2,175599,58533.0,58533,58533,2020,4,2,2,2,2,2,1030400,343466.6666666667,0,1030400,3,1,1,3,1
1942,5,36.0,1.0,27,1,309970,61994.0,61994,61994,2019,9,2,2,2,2,2,663870,132774.0,0,512900,1,1,1,1,0
1944,7,46.0,1.0,11,1,133504,19072.0,19072,19072,2018,3,1,1,1,1,1,722390,103198.57142857143,0,400000,2,1,1,2,1
1947,4,32.0,1.0,27,0,167892,41973.0,41973,41973,2019,7,2,2,2,2,2,200000,50000.0,0,200000,1,1,1,1,0
1948,3,27.0,0.0,3,1,88560,29520.0,29520,29520,2020,9,1,1,1,1,1,0,0.0,0,0,1,1,1,1,1
1949,11,31.0,1.0,3,1,977999,88909.0,88909,88909,2019,10,3,3,3,3,3,3204010,291273.63636363635,-70510,973380,2,1,1,1,1
1950,1,26.0,1.0,3,0,28506,28506.0,28506,28506,2020,1,2,2,2,2,2,0,0.0,0,0,1,1,1,1,1
1951,1,30.0,0.0,29,0,44512,44512.0,44512,44512,2019,5,3,3,3,3,3,0,0.0,0,0,1,1,1,1,1
1952,15,28.0,0.0,10,2,510300,34020.0,34020,34020,2017,7,1,1,1,1,1,2904730,193648.66666666666,0,916810,3,1,3,2,1
1954,7,31.0,0.0,9,0,344491,49213.0,49213,49213,2019,10,1,1,1,1,1,1227260,175322.85714285713,0,615530,2,1,1,2,1
1955,1,29.0,0.0,3,1,79676,79676.0,79676,79676,2020,12,3,3,3,3,3,0,0.0,0,0,1,1,1,1,0
1956,5,36.0,0.0,14,1,388225,77645.0,77645,77645,2020,7,3,3,3,3,3,474230,94846.0,0,474230,1,1,1,1,0
1957,18,38.0,1.0,21,0,462204,25678.0,25678,25678,2015,9,1,2,2,2,2,9729230,540512.7777777778,0,1309230,3,2,3,3,0
1958,10,28.0,1.0,25,0,322500,32250.0,32250,32250,2019,11,1,1,1,1,1,1585440,158544.0,0,424080,2,1,2,1,0
1959,11,36.0,0.0,26,2,441089,40099.0,40099,40099,2018,6,1,1,1,1,1,5596280,508752.7272727273,0,1563410,3,2,3,2,1
1960,4,30.0,1.0,1,0,236676,59169.0,59169,59169,2020,2,2,2,2,2,2,0,0.0,0,0,1,1,1,1,1
1962,5,29.0,0.0,15,2,295390,59078.0,59078,59078,2020,7,3,3,3,3,3,952730,190546.0,0,802250,2,1,2,2,0
1963,2,32.0,0.0,11,0,93720,46860.0,46860,46860,2020,7,2,2,2,2,2,0,0.0,0,0,1,1,1,1,1
1965,3,36.0,0.0,19,1,120354,40118.0,40118,40118,2020,9,3,3,3,3,3,1183570,394523.3333333333,0,878140,2,2,2,2,0
1967,4,41.0,0.0,29,0,112236,28059.0,28059,28059,2018,6,1,1,1,1,1,375220,93805.0,0,220860,1,1,1,1,1
1968,19,40.0,0.0,15,1,1060884,55836.0,55836,55836,2018,7,1,1,1,1,1,14086300,741384.2105263158,0,4020930,4,2,2,2,0
1970,4,24.0,0.0,20,1,163984,40996.0,40996,40996,2018,12,2,2,2,2,2,698420,174605.0,0,591720,1,1,1,1,1
1972,11,29.0,1.0,18,0,485507,44137.0,44137,44137,2020,2,1,1,1,1,1,3330620,302783.63636363635,0,538040,3,1,1,3,0
1973,2,36.0,0.0,14,1,104022,52011.0,52011,52011,2018,11,1,1,1,1,1,233880,116940.0,116400,117480,1,1,1,1,0
1975,6,36.0,1.0,2,1,126258,21043.0,21043,21043,2019,6,1,1,1,1,1,2660200,443366.6666666667,0,1060200,3,1,3,3,0
1976,1,31.0,1.0,20,2,51181,51181.0,51181,51181,2018,7,2,2,2,2,2,0,0.0,0,0,1,1,1,1,1
1977,15,36.0,1.0,8,0,392175,26145.0,26145,26145,2019,9,1,1,1,1,1,7227870,481858.0,0,2798970,4,1,1,2,0
1978,1,41.0,0.0,17,0,12553,12553.0,12553,12553,2018,12,1,1,1,1,1,0,0.0,0,0,1,1,1,1,1
1979,2,33.0,0.0,25,1,37284,18642.0,18642,18642,2018,9,1,1,1,1,1,0,0.0,0,0,1,1,1,1,1
1980,4,36.0,0.0,29,0,169532,42383.0,42383,42383,2020,5,3,3,3,3,3,164520,41130.0,0,164520,1,1,1,1,0
1981,4,39.0,1.0,27,2,241660,60415.0,60415,60415,2020,8,2,2,2,2,2,830760,207690.0,0,830760,3,1,1,1,0
1982,7,34.0,1.0,1,1,573552,81936.0,81936,81936,2019,11,2,2,2,2,2,3510450,501492.85714285716,158530,1154120,3,1,2,2,0
1983,7,49.0,1.0,23,2,535717,76531.0,76531,76531,2018,7,1,2,2,2,2,2292710,327530.0,0,1316690,2,1,1,1,1
1984,4,35.0,0.0,7,1,226808,56702.0,56702,56702,2019,11,2,2,2,2,2,181680,45420.0,0,181680,1,1,1,1,1
1987,9,25.0,0.0,4,2,606546,67394.0,67394,67394,2018,10,2,2,2,2,2,3033920,337102.22222222225,0,1378810,2,1,2,2,1
1988,4,39.0,0.0,24,0,289996,72499.0,72499,72499,2019,6,3,3,3,3,3,302520,75630.0,0,302520,1,1,1,1,0
1989,11,37.0,0.0,7,2,840268,76388.0,76388,76388,2020,1,3,3,3,3,3,4643360,422123.63636363635,0,2000000,3,1,3,1,0
1990,5,22.0,0.0,28,0,240485,48097.0,48097,48097,2018,5,1,1,1,1,1,3121600,624320.0,0,1722640,3,2,3,3,1
1991,5,30.0,0.0,20,2,382125,76425.0,76425,76425,2019,6,2,2,2,2,2,1119000,223800.0,0,849000,2,1,1,2,1
1992,4,35.0,1.0,26,2,113992,28498.0,28498,28498,2018,12,1,1,1,1,1,1265100,316275.0,0,515100,2,2,2,2,1
1993,2,32.0,0.0,21,0,149906,74953.0,74953,74953,2020,3,2,2,2,2,2,0,0.0,0,0,1,1,1,1,1
1994,2,37.0,0.0,10,1,92690,46345.0,46345,46345,2020,7,3,3,3,3,3,0,0.0,0,0,1,1,1,1,0
1995,2,34.0,0.0,5,0,108582,54291.0,54291,54291,2019,1,1,1,1,1,1,87200,43600.0,0,87200,1,1,1,1,0
1996,7,37.0,0.0,13,1,339052,48436.0,48436,48436,2018,5,1,1,1,1,1,2866880,409554.28571428574,0,1089470,3,1,2,2,1
1997,13,35.0,0.0,11,1,551304,42408.0,42408,42408,2018,5,1,2,2,2,2,7064700,543438.4615384615,0,2000000,4,1,4,2,1
1998,2,36.0,0.0,15,0,65046,32523.0,32523,32523,2019,11,2,2,2,2,2,0,0.0,0,0,1,1,1,1,1
1999,2,28.0,1.0,19,1,60516,30258.0,30258,30258,2020,10,1,1,1,1,1,0,0.0,0,0,1,1,1,1,0
2000,9,25.0,0.0,14,2,421794,46866.0,46866,46866,2019,8,1,1,1,1,1,1638170,182018.88888888888,0,488760,2,1,1,2,0
2001,3,27.0,1.0,23,1,118413,39471.0,39471,39471,2020,8,1,1,1,1,1,0,0.0,0,0,1,1,1,1,0
2002,15,35.0,0.0,6,1,1482315,98821.0,98821,98821,2013,6,2,4,4,4,4,13543650,902910.0,0,5728520,3,1,2,1,1
2003,3,26.0,1.0,27,1,162168,54056.0,54056,54056,2020,9,2,2,2,2,2,0,0.0,0,0,1,1,1,1,1
2005,5,25.0,0.0,13,2,291600,58320.0,58320,58320,2019,11,1,1,1,1,1,442400,88480.0,0,242400,1,1,1,1,1
2007,4,27.0,1.0,16,0,343212,85803.0,85803,85803,2020,6,3,3,3,3,3,493600,123400.0,0,250000,1,1,1,1,1
2008,20,35.0,1.0,27,0,564372,28218.6,30840,27756,2017,12,1,2,1,2,1,19937880,996894.0,0,2370030,4,2,4,4,0
2009,3,28.0,1.0,10,0,182388,60796.0,60796,60796,2019,12,1,1,1,1,1,0,0.0,0,0,1,1,1,1,0
2010,7,32.0,0.0,25,1,242844,34692.0,34692,34692,2019,12,2,2,2,2,2,2913240,416177.14285714284,0,660000,3,1,3,1,1
2012,10,28.0,0.0,3,1,709160,70916.0,70916,70916,2020,1,2,2,2,2,2,5380700,538070.0,-107010,3152490,3,1,3,1,0
2013,8,37.0,1.0,20,2,474192,59274.0,59274,59274,2018,5,1,1,1,1,1,3015730,376966.25,0,969530,3,1,3,2,1
2014,9,31.0,1.0,8,2,548703,60967.0,60967,60967,2020,2,2,2,2,2,2,3547040,394115.55555555556,0,1254960,3,2,3,3,0
2015,1,33.0,1.0,22,2,58203,58203.0,58203,58203,2018,3,1,1,1,1,1,0,0.0,0,0,1,1,1,1,1
2016,4,24.0,1.0,1,2,99624,24906.0,24906,24906,2016,4,1,2,2,2,2,899070,224767.5,0,594260,1,1,1,1,1
2017,6,44.0,0.0,4,1,321126,53521.0,53521,53521,2016,9,1,2,2,2,2,2915020,485836.6666666667,203450,1080300,3,2,2,3,0
2018,3,25.0,0.0,21,0,89157,29719.0,29719,29719,2020,10,2,2,2,2,2,0,0.0,0,0,1,1,1,1,0
2019,4,40.0,1.0,16,1,259124,64781.0,64781,64781,2019,6,2,2,2,2,2,795280,198820.0,0,545280,2,1,2,1,1
2020,4,33.0,0.0,3,1,232524,58131.0,58131,58131,2020,1,3,3,3,3,3,212320,53080.0,0,153620,1,1,1,1,1
2021,4,25.0,0.0,25,2,132956,33239.0,33239,33239,2018,5,1,1,1,1,1,3136400,784100.0,0,1364270,4,3,3,4,1
2022,6,30.0,0.0,23,0,282300,47050.0,47050,47050,2019,9,3,3,3,3,3,869470,144911.66666666666,0,522580,1,1,1,1,0
2023,1,38.0,1.0,8,0,37709,37709.0,37709,37709,2018,6,2,2,2,2,2,0,0.0,0,0,1,1,1,1,1
2024,2,33.0,0.0,20,2,43492,21746.0,21746,21746,2019,10,1,1,1,1,1,0,0.0,0,0,1,1,1,1,0
2025,6,29.0,0.0,4,0,253404,42234.0,42234,42234,2019,11,1,1,1,1,1,1302720,217120.0,0,500000,2,1,1,2,1
2026,3,31.0,1.0,26,2,108288,36096.0,36096,36096,2020,10,1,1,1,1,1,0,0.0,0,0,1,1,1,1,1
2027,19,36.0,1.0,8,1,2474655,130245.0,130245,130245,2015,10,1,4,4,4,4,30662570,1613819.4736842106,397770,6878670,3,2,2,2,0
2028,19,41.0,1.0,27,2,879111,46269.0,46269,46269,2018,12,2,2,2,2,2,17915680,942930.5263157894,243540,3643580,4,2,3,4,0
2030,1,32.0,1.0,21,0,42779,42779.0,42779,42779,2020,12,2,2,2,2,2,0,0.0,0,0,1,1,1,1,0
2031,1,26.0,0.0,4,0,48890,48890.0,48890,48890,2018,5,2,2,2,2,2,225060,225060.0,225060,225060,1,1,1,1,0
2032,2,29.0,0.0,7,0,171354,85677.0,85677,85677,2020,10,3,3,3,3,3,746720,373360.0,0,746720,2,2,2,2,0
2033,4,29.0,0.0,21,2,205212,51303.0,51303,51303,2018,7,1,1,1,1,1,1148670,287167.5,0,1148670,3,1,1,1,1
2034,15,27.0,1.0,10,2,1111305,74087.0,74087,74087,2018,5,1,2,2,2,2,6368490,424566.0,0,1242980,3,1,1,2,0
2035,6,43.0,0.0,6,0,396186,66031.0,66031,66031,2018,5,1,2,2,2,2,1606630,267771.6666666667,0,750790,2,1,2,2,1
2036,1,28.0,1.0,21,0,72393,72393.0,72393,72393,2018,11,2,2,2,2,2,0,0.0,0,0,1,1,1,1,1
2037,2,31.0,0.0,4,0,100740,50370.0,50370,50370,2019,10,3,3,3,3,3,0,0.0,0,0,1,1,1,1,1
2038,1,23.0,1.0,7,1,17687,17687.0,17687,17687,2019,1,1,1,1,1,1,0,0.0,0,0,1,1,1,1,0
2039,1,36.0,1.0,5,2,74434,74434.0,74434,74434,2020,12,2,2,2,2,2,0,0.0,0,0,1,1,1,1,0
2040,4,25.0,0.0,15,1,82360,20590.0,20590,20590,2018,3,1,1,1,1,1,417120,104280.0,-82880,500000,2,1,2,2,1
2041,3,34.0,0.0,22,2,138249,46083.0,46083,46083,2020,6,2,2,2,2,2,0,0.0,0,0,1,1,1,1,1
2043,4,36.0,0.0,10,0,376848,94212.0,94212,94212,2020,9,3,3,3,3,3,3305680,826420.0,0,2019280,3,1,1,3,0
2044,4,34.0,0.0,20,0,154476,38619.0,38619,38619,2019,11,2,2,2,2,2,466160,116540.0,0,303240,1,1,1,1,0
2045,5,25.0,0.0,9,1,424030,84806.0,84806,84806,2020,5,3,3,3,3,3,644170,128834.0,0,404170,2,1,1,1,1
2047,9,36.0,0.0,29,2,632268,70252.0,70252,70252,2019,8,3,3,3,3,3,3797810,421978.8888888889,0,1290720,3,1,2,3,0
2049,18,41.0,1.0,23,1,1815984,100888.0,100888,100888,2014,10,1,3,3,3,3,12750760,708375.5555555555,0,4244770,4,1,1,4,1
2050,11,35.0,0.0,29,2,1020756,92796.0,92796,92796,2019,10,2,2,2,2,2,16442280,1494752.7272727273,0,3798130,4,1,4,4,0
2052,8,36.0,0.0,18,2,585416,73177.0,73177,73177,2020,4,2,2,2,2,2,4318000,539750.0,0,954910,3,1,3,1,0
2053,4,31.0,1.0,24,2,187916,46979.0,46979,46979,2020,6,3,3,3,3,3,428840,107210.0,-305900,679940,1,1,1,1,1
2054,3,27.0,0.0,28,0,170442,56814.0,56814,56814,2020,7,2,2,2,2,2,0,0.0,0,0,1,1,1,1,1
2055,18,33.0,0.0,10,0,760680,42260.0,42260,42260,2019,1,3,3,3,3,3,9049210,502733.8888888889,0,2091100,3,1,3,1,0
2056,3,29.0,0.0,23,0,301236,100412.0,100412,100412,2020,5,3,3,3,3,3,193250,64416.666666666664,0,193250,1,1,1,1,0
2057,5,32.0,1.0,27,1,200990,40198.0,40198,40198,2018,10,2,2,2,2,2,576430,115286.0,0,252510,1,1,1,1,0
2058,3,34.0,1.0,8,2,172347,57449.0,57449,57449,2020,9,1,1,1,1,1,362640,120880.0,0,212350,2,1,2,1,0
2059,2,37.0,1.0,20,1,135338,67669.0,67669,67669,2020,9,2,2,2,2,2,0,0.0,0,0,1,1,1,1,0
2061,13,42.0,1.0,15,1,753675,57975.0,57975,57975,2019,6,2,2,2,2,2,5900110,453854.6153846154,0,1750000,3,1,1,2,1
2062,8,27.0,0.0,10,2,739208,92401.0,92401,92401,2020,3,2,2,2,2,2,7048210,881026.25,0,5000000,4,1,3,4,1
2063,3,33.0,0.0,18,2,166419,55473.0,55473,55473,2020,4,2,2,2,2,2,0,0.0,0,0,1,1,1,1,1
2064,4,27.0,0.0,5,2,314256,78564.0,78564,78564,2018,10,2,2,2,2,2,450150,112537.5,0,200000,1,1,1,1,0
2065,1,36.0,1.0,11,0,44146,44146.0,44146,44146,2018,12,2,2,2,2,2,0,0.0,0,0,1,1,1,1,1
2066,3,37.0,1.0,29,2,189543,63181.0,63181,63181,2016,2,2,2,2,2,2,519810,173270.0,0,337470,2,1,2,1,0
2067,3,27.0,1.0,25,2,65376,21792.0,21792,21792,2020,6,1,1,1,1,1,152000,50666.666666666664,0,152000,1,1,1,1,0
2069,2,42.0,1.0,23,0,61998,30999.0,30999,30999,2018,6,1,1,1,1,1,0,0.0,0,0,1,1,1,1,1
2070,20,32.0,0.0,6,0,1545092,77254.6,82773,75875,2015,1,2,4,3,3,3,22270480,1113524.0,0,7671620,4,1,4,1,0
2071,4,34.0,1.0,3,1,322140,80535.0,80535,80535,2020,6,2,2,2,2,2,3630980,907745.0,545360,1484220,4,3,3,3,1
2073,9,21.0,0.0,27,0,381420,42380.0,42380,42380,2018,12,1,1,1,1,1,1000130,111125.55555555556,0,256240,2,1,1,1,1
2076,19,40.0,1.0,15,2,1713800,90200.0,90200,90200,2016,8,1,2,2,2,2,13593270,715435.2631578947,126340,3212100,4,2,2,3,0
2078,5,35.0,1.0,12,0,415140,83028.0,83028,83028,2020,5,3,3,3,3,3,6652120,1330424.0,0,3302600,4,1,4,1,0
2082,5,29.0,0.0,24,2,328630,65726.0,65726,65726,2020,5,2,2,2,2,2,1014930,202986.0,0,655710,2,1,1,2,0
2083,10,37.0,1.0,17,2,465150,46515.0,46515,46515,2019,6,1,1,1,1,1,1694210,169421.0,0,658310,3,1,1,3,1
2084,2,26.0,1.0,17,2,84810,42405.0,42405,42405,2020,10,2,2,2,2,2,0,0.0,0,0,1,1,1,1,1
2085,6,30.0,1.0,22,2,304722,50787.0,50787,50787,2018,7,1,1,1,1,1,3400630,566771.6666666666,0,1796690,3,1,3,3,1
2086,1,45.0,0.0,9,0,29915,29915.0,29915,29915,2018,9,1,1,1,1,1,0,0.0,0,0,1,1,1,1,1
2087,16,52.0,0.0,24,2,1510974,94435.875,102597,93270,2015,8,1,3,2,2,2,21555350,1347209.375,0,9169880,4,1,4,4,0
2088,1,32.0,1.0,9,1,45264,45264.0,45264,45264,2020,12,1,1,1,1,1,0,0.0,0,0,1,1,1,1,0
2089,4,33.0,0.0,29,0,152804,38201.0,38201,38201,2020,7,3,3,3,3,3,952840,238210.0,0,718560,2,1,2,2,0
2090,3,32.0,0.0,15,2,224619,74873.0,74873,74873,2020,7,2,2,2,2,2,0,0.0,0,0,1,1,1,1,0
2091,5,40.0,0.0,24,1,112780,22556.0,22556,22556,2018,9,1,1,1,1,1,2717680,543536.0,-106070,947850,3,1,1,3,0
2092,7,34.0,0.0,2,1,462245,66035.0,66035,66035,2019,12,3,3,3,3,3,1442110,206015.7142857143,0,1196860,3,1,2,1,1
2093,5,31.0,0.0,19,2,294360,58872.0,58872,58872,2019,10,2,2,2,2,2,0,0.0,0,0,1,1,1,1,1
2094,2,28.0,0.0,15,1,52106,26053.0,26053,26053,2018,12,1,1,1,1,1,0,0.0,0,0,1,1,1,1,1
2095,3,34.0,0.0,26,1,146487,48829.0,48829,48829,2019,10,1,1,1,1,1,0,0.0,0,0,1,1,1,1,1
2096,6,35.0,0.0,14,1,426774,71129.0,71129,71129,2020,5,2,2,2,2,2,1287460,214576.66666666666,0,354760,2,1,1,2,0
2097,4,36.0,0.0,25,0,281984,70496.0,70496,70496,2020,7,3,3,3,3,3,0,0.0,0,0,1,1,1,1,0
2098,7,44.0,0.0,21,2,979174,139882.0,139882,139882,2013,4,3,5,5,5,5,0,0.0,0,0,1,1,1,1,1
2100,10,42.0,0.0,9,1,656320,65632.0,65632,65632,2018,5,2,2,2,2,2,7062340,706234.0,0,1864640,4,2,3,4,0
2101,4,30.0,0.0,17,2,361684,90421.0,90421,90421,2019,9,3,3,3,3,3,104740,26185.0,0,104740,1,1,1,1,1
2102,8,44.0,0.0,2,2,941664,117708.0,117708,117708,2015,7,3,4,4,4,4,4358800,544850.0,0,1397830,2,1,2,2,1
2103,3,37.0,0.0,10,0,194565,64855.0,64855,64855,2020,7,2,2,2,2,2,0,0.0,0,0,2,1,2,2,1
2104,17,41.0,1.0,7,0,1351891,79523.0,79523,79523,2016,4,1,3,3,3,3,13120640,771802.3529411765,111600,1718610,4,2,2,2,0
2105,3,33.0,0.0,21,1,100326,33442.0,33442,33442,2019,1,1,1,1,1,1,0,0.0,0,0,1,1,1,1,1
2106,3,32.0,1.0,2,0,63756,21252.0,21252,21252,2018,10,1,1,1,1,1,1634780,544926.6666666666,482980,646840,2,2,2,2,0
2108,3,32.0,1.0,16,2,179784,59928.0,59928,59928,2019,11,1,1,1,1,1,100710,33570.0,0,100710,1,1,1,1,1
2109,15,31.0,0.0,7,2,1087170,72478.0,72478,72478,2019,10,2,2,2,2,2,9644890,642992.6666666666,0,1922480,3,2,2,2,0
2110,17,38.0,0.0,19,0,2241399,131847.0,131847,131847,2016,1,5,5,5,5,5,17251650,1014802.9411764706,0,8947330,2,1,1,2,0
2113,1,32.0,1.0,15,1,38992,38992.0,38992,38992,2019,9,1,1,1,1,1,0,0.0,0,0,1,1,1,1,1
2114,16,41.0,1.0,19,0,1690976,105686.0,105686,105686,2016,6,2,4,4,4,4,25569020,1598063.75,0,5466680,4,1,1,3,0
2116,5,52.0,1.0,22,0,202960,40592.0,40592,40592,2018,8,1,1,1,1,1,1000000,200000.0,0,1000000,2,1,1,2,1
2117,1,37.0,0.0,4,2,41591,41591.0,41591,41591,2018,10,2,2,2,2,2,0,0.0,0,0,1,1,1,1,0
2118,9,27.0,0.0,10,2,429768,47752.0,47752,47752,2019,6,2,2,2,2,2,5980420,664491.1111111111,0,3304550,3,1,3,1,1
2120,5,31.0,1.0,4,1,95260,19052.0,19052,19052,2019,7,1,1,1,1,1,771060,154212.0,0,460660,2,1,1,1,0
2121,3,26.0,1.0,22,2,95229,31743.0,31743,31743,2018,11,1,1,1,1,1,427010,142336.66666666666,0,301770,1,1,1,1,1
2122,2,34.0,0.0,2,0,122130,61065.0,61065,61065,2018,10,3,3,3,3,3,250310,125155.0,0,250310,1,1,1,1,1
2123,1,46.0,1.0,3,0,42604,42604.0,42604,42604,2018,12,2,2,2,2,2,0,0.0,0,0,1,1,1,1,1
2124,5,23.0,0.0,13,1,344680,68936.0,68936,68936,2018,8,1,2,2,2,2,2779130,555826.0,0,1355510,2,1,1,1,0
2125,8,41.0,1.0,24,1,316480,39560.0,39560,39560,2018,10,1,1,1,1,1,2987810,373476.25,0,1513830,3,1,1,2,1
2126,4,35.0,1.0,28,2,178828,44707.0,44707,44707,2020,1,2,2,2,2,2,321720,80430.0,-350000,511520,1,1,1,1,1
2127,3,34.0,1.0,12,2,258873,86291.0,86291,86291,2020,6,2,2,2,2,2,0,0.0,0,0,1,1,1,1,1
2128,3,37.0,0.0,28,1,63810,21270.0,21270,21270,2018,8,1,1,1,1,1,222450,74150.0,0,222450,2,1,1,1,1
2129,2,34.0,1.0,17,2,119860,59930.0,59930,59930,2015,7,2,2,2,2,2,441810,220905.0,0,441810,1,1,1,1,1
2130,1,34.0,0.0,20,2,40948,40948.0,40948,40948,2015,11,2,2,2,2,2,250010,250010.0,250010,250010,1,1,1,1,1
2131,2,30.0,0.0,21,1,91330,45665.0,45665,45665,2019,11,2,2,2,2,2,0,0.0,0,0,1,1,1,1,1
2132,3,31.0,1.0,21,1,212334,70778.0,70778,70778,2019,10,2,2,2,2,2,405620,135206.66666666666,0,405620,1,1,1,1,0
2133,4,28.0,0.0,22,1,299124,74781.0,74781,74781,2020,5,3,3,3,3,3,0,0.0,0,0,1,1,1,1,1
2134,19,40.0,0.0,29,0,2204114,116006.0,116006,116006,2013,10,2,5,5,5,5,45927710,2417247.8947368423,-322750,16606860,4,1,4,2,0
2135,5,43.0,1.0,24,0,237130,47426.0,47426,47426,2020,8,3,3,3,3,3,194150,38830.0,0,194150,1,1,1,1,0
2137,16,35.0,1.0,26,2,976800,61050.0,61050,61050,2014,11,1,2,2,2,2,13274600,829662.5,300000,2650000,4,3,3,3,0
2138,1,29.0,0.0,8,1,43989,43989.0,43989,43989,2018,7,1,1,1,1,1,0,0.0,0,0,1,1,1,1,1
2139,2,26.0,0.0,4,2,191938,95969.0,95969,95969,2020,9,2,2,2,2,2,765780,382890.0,0,765780,3,1,1,3,0
2140,1,32.0,0.0,19,1,50778,50778.0,50778,50778,2020,11,3,3,3,3,3,0,0.0,0,0,1,1,1,1,0
2141,2,28.0,0.0,16,2,99066,49533.0,49533,49533,2020,6,3,3,3,3,3,0,0.0,0,0,1,1,1,1,1
2142,14,45.0,1.0,26,2,584122,41723.0,41723,41723,2015,10,1,1,1,1,1,5029310,359236.4285714286,0,1197120,3,1,2,1,1
2143,3,26.0,0.0,29,0,128532,42844.0,42844,42844,2020,1,2,2,2,2,2,0,0.0,0,0,1,1,1,1,1
2144,4,36.0,1.0,9,2,168664,42166.0,42166,42166,2018,2,2,2,2,2,2,584180,146045.0,0,334160,1,1,1,1,1
2145,2,32.0,0.0,4,1,88024,44012.0,44012,44012,2020,1,2,2,2,2,2,0,0.0,0,0,1,1,1,1,0
2146,3,27.0,0.0,6,1,178056,59352.0,59352,59352,2020,6,2,2,2,2,2,0,0.0,0,0,1,1,1,1,1
2148,16,32.0,1.0,17,2,1114848,69678.0,69678,69678,2019,7,3,3,3,3,3,10707560,669222.5,0,5639780,3,1,2,1,0
2151,15,32.0,0.0,14,0,780525,52035.0,52035,52035,2018,5,1,2,2,2,2,5484730,365648.6666666667,0,1681780,3,1,3,1,1
2152,1,28.0,1.0,22,2,27194,27194.0,27194,27194,2018,9,1,1,1,1,1,0,0.0,0,0,1,1,1,1,1
2153,3,30.0,1.0,11,1,241497,80499.0,80499,80499,2020,10,2,2,2,2,2,201770,67256.66666666667,0,201770,1,1,1,1,0
2154,7,40.0,0.0,25,2,1076362,153766.0,153766,153766,2016,1,5,5,5,5,5,0,0.0,0,0,1,1,1,1,0
2155,6,36.0,0.0,29,2,256632,42772.0,42772,42772,2018,10,1,1,1,1,1,541240,90206.66666666667,0,153690,2,1,1,1,1
2156,3,34.0,1.0,5,2,246138,82046.0,82046,82046,2018,10,2,2,2,2,2,645500,215166.66666666666,0,395500,2,1,2,1,1
2157,3,36.0,1.0,10,0,139440,46480.0,46480,46480,2018,5,2,2,2,2,2,216810,72270.0,0,116310,1,1,1,1,1
2159,7,35.0,1.0,29,1,299691,42813.0,42813,42813,2018,7,1,1,1,1,1,1353350,193335.7142857143,-489780,1026290,2,1,1,1,1
2160,15,37.0,1.0,8,2,999750,66650.0,66650,66650,2019,6,2,2,2,2,2,9284810,618987.3333333334,0,2419520,3,1,1,2,0
2161,5,39.0,0.0,19,1,164355,32871.0,32871,32871,2019,6,3,3,3,3,3,411660,82332.0,-596570,1008230,1,1,1,1,1
2162,12,38.0,0.0,23,1,381708,31809.0,31809,31809,2016,5,1,1,1,1,1,2882530,240210.83333333334,0,707430,4,1,4,1,1
2163,2,32.0,0.0,11,1,111400,55700.0,55700,55700,2019,9,1,1,1,1,1,0,0.0,0,0,1,1,1,1,0
2164,3,23.0,0.0,15,1,107829,35943.0,35943,35943,2019,11,1,1,1,1,1,165440,55146.666666666664,0,165440,1,1,1,1,1
2165,2,37.0,1.0,23,0,91208,45604.0,45604,45604,2019,8,1,1,1,1,1,0,0.0,0,0,1,1,1,1,0
2166,22,43.0,0.0,29,2,699160,31780.0,31780,31780,2018,7,1,1,1,1,1,12568600,571300.0,94500,1299030,3,2,3,3,0
2167,10,39.0,0.0,1,1,707140,70714.0,70714,70714,2016,4,1,2,2,2,2,5309730,530973.0,120250,1374470,3,2,2,2,1
2168,17,40.0,0.0,25,1,863617,50801.0,50801,50801,2017,11,1,1,1,1,1,10125830,595637.0588235294,690,2459730,3,2,3,2,0
2169,4,28.0,1.0,7,0,534316,133579.0,133579,133579,2020,6,3,3,3,3,3,351700,87925.0,0,351700,2,1,2,2,0
2170,5,30.0,0.0,14,2,260980,52196.0,52196,52196,2018,10,1,1,1,1,1,1940510,388102.0,126390,638490,2,2,2,2,0
2171,1,35.0,0.0,17,0,55777,55777.0,55777,55777,2019,7,3,3,3,3,3,0,0.0,0,0,1,1,1,1,1
2172,2,27.0,0.0,9,0,106210,53105.0,53105,53105,2017,2,1,2,2,2,2,0,0.0,0,0,1,1,1,1,1
2173,2,43.0,0.0,25,1,128740,64370.0,64370,64370,2020,4,3,3,3,3,3,0,0.0,0,0,1,1,1,1,1
2174,9,41.0,0.0,20,0,174339,19371.0,19371,19371,2018,5,1,1,1,1,1,2946050,327338.8888888889,100000,1164300,3,2,3,2,1
2175,2,41.0,0.0,29,2,202446,101223.0,101223,101223,2020,7,4,4,4,4,4,483050,241525.0,0,483050,1,1,1,1,1
2176,9,30.0,0.0,25,1,450261,50029.0,50029,50029,2016,5,1,1,1,1,1,0,0.0,0,0,1,1,1,1,1
2178,3,33.0,1.0,11,1,209913,69971.0,69971,69971,2020,7,2,2,2,2,2,1178760,392920.0,0,871660,3,2,2,2,0
2179,17,32.0,1.0,22,1,1004785,59105.0,59105,59105,2016,4,1,2,2,2,2,13086130,769772.3529411765,250230,1782520,3,3,3,3,0
2180,5,39.0,0.0,22,0,59445,11889.0,11889,11889,2018,8,1,1,1,1,1,873850,174770.0,0,506630,2,1,2,2,1
2181,3,35.0,1.0,24,1,142320,47440.0,47440,47440,2019,11,2,2,2,2,2,0,0.0,0,0,1,1,1,1,1
2182,16,24.0,1.0,3,0,646992,40437.0,40437,40437,2018,7,1,1,1,1,1,5851950,365746.875,0,1132270,4,1,4,1,1
2183,2,40.0,1.0,10,1,58900,29450.0,29450,29450,2020,6,3,3,3,3,3,0,0.0,0,0,1,1,1,1,1
2186,15,30.0,1.0,8,2,1053690,70246.0,70246,70246,2016,8,1,2,2,2,2,6688160,445877.3333333333,0,1020880,3,2,2,2,1
2187,5,31.0,0.0,20,0,127550,25510.0,25510,25510,2019,6,1,1,1,1,1,0,0.0,0,0,1,1,1,1,1
2188,4,42.0,1.0,11,0,377760,94440.0,94440,94440,2020,8,4,4,4,4,4,193220,48305.0,0,193220,1,1,1,1,0
2189,17,44.0,1.0,9,1,2466972,145116.0,145116,145116,2013,10,2,4,4,4,4,16360020,962354.1176470588,0,3749090,3,1,2,3,0
2190,2,28.0,0.0,7,1,125910,62955.0,62955,62955,2016,4,1,2,2,2,2,0,0.0,0,0,1,1,1,1,1
2191,2,29.0,0.0,26,1,61920,30960.0,30960,30960,2020,10,1,1,1,1,1,150040,75020.0,0,150040,1,1,1,1,0
2192,6,39.0,0.0,19,1,638568,106428.0,106428,106428,2019,10,3,3,3,3,3,0,0.0,0,0,1,1,1,1,1
2193,11,36.0,0.0,29,2,926926,84266.0,84266,84266,2019,12,3,3,3,3,3,11653640,1059421.8181818181,0,8923020,4,1,2,4,0
2194,17,36.0,1.0,20,0,1530561,90033.0,90033,90033,2013,9,4,4,4,4,4,14281720,840101.1764705882,0,2785250,3,1,3,2,1
2195,4,32.0,0.0,3,0,109048,27262.0,27262,27262,2020,7,2,2,2,2,2,0,0.0,0,0,1,1,1,1,1
2196,22,36.0,0.0,25,1,2560426,116383.0,116383,116383,2013,10,2,4,4,4,4,27740840,1260947.2727272727,0,4667080,3,1,3,3,0
2197,5,48.0,1.0,17,1,410895,82179.0,82179,82179,2018,2,2,2,2,2,2,-1162030,-232406.0,-1496650,189060,1,1,1,1,0
2198,19,48.0,1.0,14,0,1450857,76360.8947368421,82691,75174,2019,1,1,3,2,3,2,28102280,1479067.3684210526,109500,3748210,4,3,4,4,0
2199,9,27.0,0.0,5,2,838530,93170.0,93170,93170,2020,2,3,3,3,3,3,8480520,942280.0,154280,1581010,4,3,4,4,0
2200,19,35.0,0.0,15,1,1325364,69756.0,69756,69756,2016,6,1,3,3,3,3,24401970,1284314.2105263157,235440,3941250,4,2,2,3,0
2201,5,32.0,1.0,19,1,273155,54631.0,54631,54631,2018,10,2,2,2,2,2,1299750,259950.0,0,507740,2,1,2,1,1
2202,4,30.0,0.0,17,0,135944,33986.0,33986,33986,2020,9,2,2,2,2,2,310000,77500.0,0,156960,1,1,1,1,0
2203,4,31.0,0.0,7,1,238600,59650.0,59650,59650,2020,3,2,2,2,2,2,0,0.0,0,0,1,1,1,1,1
2204,11,29.0,1.0,4,2,680669,61879.0,61879,61879,2018,1,1,1,1,1,1,4237740,385249.0909090909,0,817790,3,2,2,2,1
2205,6,31.0,1.0,8,1,187260,31210.0,31210,31210,2020,4,2,2,2,2,2,3397980,566330.0,0,1184290,3,1,1,1,0
2206,5,25.0,0.0,5,1,166955,33391.0,33391,33391,2019,8,1,1,1,1,1,0,0.0,0,0,2,1,1,1,1
2207,2,34.0,0.0,2,0,40020,20010.0,20010,20010,2019,1,1,1,1,1,1,0,0.0,0,0,1,1,1,1,1
2208,5,24.0,0.0,6,2,585055,117011.0,117011,117011,2020,5,3,3,3,3,3,345010,69002.0,0,345010,1,1,1,1,0
2209,3,37.0,1.0,16,1,127017,42339.0,42339,42339,2018,1,2,2,2,2,2,416990,138996.66666666666,0,314270,1,1,1,1,1
2210,18,39.0,0.0,26,1,2025234,112513.0,112513,112513,2019,3,1,4,4,4,4,56315480,3128637.777777778,0,16979740,4,2,4,3,0
2211,5,34.0,0.0,8,0,112780,22556.0,22556,22556,2018,1,1,1,1,1,1,3723190,744638.0,0,3179220,4,1,1,1,1
2213,6,58.0,1.0,24,1,175212,29202.0,29202,29202,2018,5,1,1,1,1,1,3202860,533810.0,113670,1367710,3,3,3,3,1
2214,4,33.0,0.0,20,0,360080,90020.0,90020,90020,2020,7,2,2,2,2,2,1159750,289937.5,0,966510,2,1,1,2,0
2215,4,27.0,0.0,6,1,95204,23801.0,23801,23801,2018,5,1,1,1,1,1,1282390,320597.5,0,735010,2,1,1,2,1
2216,3,31.0,0.0,16,2,156627,52209.0,52209,52209,2020,5,2,2,2,2,2,0,0.0,0,0,1,1,1,1,1
2217,7,36.0,1.0,4,1,509446,72778.0,72778,72778,2020,5,3,3,3,3,3,1852760,264680.0,0,463400,2,1,2,2,0
2218,4,23.0,1.0,18,0,83936,20984.0,20984,20984,2020,5,1,1,1,1,1,150440,37610.0,0,150440,1,1,1,1,1
2219,7,33.0,0.0,25,1,775544,110792.0,110792,110792,2017,12,2,3,3,3,3,8275540,1182220.0,0,2898470,3,2,3,3,1
2220,5,38.0,0.0,18,1,295385,59077.0,59077,59077,2020,1,2,2,2,2,2,200000,40000.0,0,200000,1,1,1,1,1
2221,4,32.0,0.0,19,0,249840,62460.0,62460,62460,2019,1,3,3,3,3,3,405920,101480.0,0,204060,1,1,1,1,0
2223,20,42.0,0.0,13,1,708840,35442.0,35442,35442,2018,10,1,1,1,1,1,19029880,951494.0,0,2370550,4,1,4,4,0
2224,16,49.0,1.0,27,2,980656,61291.0,61291,61291,2018,8,1,1,1,1,1,14398780,899923.75,0,3656450,4,2,2,3,0
2225,17,37.0,1.0,1,1,479672,28216.0,28216,28216,2017,10,1,1,1,1,1,6014110,353771.17647058825,102930,592740,3,2,3,2,1
2226,2,31.0,0.0,16,2,76304,38152.0,38152,38152,2020,1,2,2,2,2,2,239200,119600.0,0,239200,2,1,1,2,1
2227,8,31.0,1.0,16,1,202856,25357.0,25357,25357,2020,2,1,1,1,1,1,1806760,225845.0,-200000,622970,2,1,2,2,1
2228,19,55.0,1.0,27,0,1505617,79243.0,79243,79243,2018,7,1,2,2,2,2,15799200,831536.8421052631,145500,2032610,4,2,3,2,0
2229,2,26.0,0.0,20,2,206610,103305.0,103305,103305,2020,5,3,3,3,3,3,0,0.0,0,0,1,1,1,1,1
2230,4,35.0,0.0,16,2,262512,65628.0,65628,65628,2020,9,3,3,3,3,3,281160,70290.0,0,281160,1,1,1,1,0
2231,10,34.0,1.0,27,0,784410,78441.0,78441,78441,2015,2,2,4,4,4,4,6635090,663509.0,151600,1340000,2,1,1,2,1
2232,16,26.0,1.0,11,1,1171312,73207.0,73207,73207,2018,6,1,2,2,2,2,12638460,789903.75,0,3336750,4,2,2,2,1
2233,1,37.0,0.0,8,1,79251,79251.0,79251,79251,2020,12,2,2,2,2,2,0,0.0,0,0,1,1,1,1,0
2235,4,30.0,1.0,10,0,87740,21935.0,21935,21935,2018,6,1,1,1,1,1,622550,155637.5,-261970,457790,1,1,1,1,1
2236,4,49.0,1.0,3,0,214288,53572.0,53572,53572,2015,8,1,2,2,2,2,3303050,825762.5,0,2520570,3,1,3,3,1
2238,4,29.0,0.0,17,2,148268,37067.0,37067,37067,2020,8,2,2,2,2,2,0,0.0,0,0,1,1,1,1,0
2239,1,46.0,1.0,27,1,94485,94485.0,94485,94485,2020,11,3,3,3,3,3,0,0.0,0,0,1,1,1,1,0
2240,4,33.0,0.0,5,0,343860,85965.0,85965,85965,2020,8,3,3,3,3,3,1732030,433007.5,0,1538790,3,1,3,1,1
2241,11,36.0,0.0,5,1,558426,50766.0,50766,50766,2019,11,3,3,3,3,3,3415370,310488.1818181818,0,953910,2,1,2,2,0
2242,2,35.0,0.0,3,0,141466,70733.0,70733,70733,2019,1,2,2,2,2,2,0,0.0,0,0,1,1,1,1,1
2245,1,33.0,1.0,19,2,81348,81348.0,81348,81348,2020,2,2,2,2,2,2,0,0.0,0,0,1,1,1,1,1
2246,1,28.0,1.0,2,2,43647,43647.0,43647,43647,2019,10,2,2,2,2,2,0,0.0,0,0,1,1,1,1,0
2247,3,30.0,1.0,9,1,148008,49336.0,49336,49336,2018,5,1,1,1,1,1,283540,94513.33333333333,0,232800,1,1,1,1,1
2248,2,41.0,1.0,12,2,137660,68830.0,68830,68830,2020,5,2,2,2,2,2,0,0.0,0,0,1,1,1,1,0
2249,2,38.0,1.0,2,1,172492,86246.0,86246,86246,2020,5,3,3,3,3,3,0,0.0,0,0,1,1,1,1,1
2250,4,26.0,0.0,26,1,166644,41661.0,41661,41661,2019,11,2,2,2,2,2,583160,145790.0,0,583160,1,1,1,1,1
2251,20,39.0,0.0,15,2,1672080,83604.0,83604,83604,2013,10,2,3,3,3,3,17697670,884883.5,0,3367600,4,2,4,2,0
2252,4,37.0,1.0,20,1,405692,101423.0,101423,101423,2018,6,3,3,3,3,3,1387170,346792.5,0,788070,1,1,1,1,1
2253,8,40.0,0.0,11,1,462976,57872.0,57872,57872,2018,8,1,2,2,2,2,4266650,533331.25,100000,1934110,3,2,3,2,1
2254,4,23.0,1.0,4,1,218320,54580.0,54580,54580,2020,8,1,1,1,1,1,314880,78720.0,0,160480,1,1,1,1,0
2255,21,40.0,0.0,25,0,2803269,133489.0,133489,133489,2013,11,3,4,4,4,4,30213850,1438754.761904762,50000,4570280,4,2,2,3,0
2256,6,31.0,0.0,11,0,357864,59644.0,59644,59644,2018,10,2,2,2,2,2,2895500,482583.3333333333,0,1279420,2,2,2,2,1
2257,20,43.0,1.0,22,2,1638660,81933.0,81933,81933,2018,2,2,2,2,2,2,16865680,843284.0,0,2416490,4,2,3,3,0
2258,11,36.0,1.0,14,0,1523720,138520.0,138520,138520,2019,11,3,3,3,3,3,10467740,951612.7272727273,353760,1390940,4,2,4,2,0
2259,20,41.0,0.0,4,2,1783840,89192.0,89192,89192,2017,2,1,3,3,3,3,10577750,528887.5,0,2172320,3,2,2,2,0
2260,3,32.0,0.0,29,2,116757,38919.0,38919,38919,2020,10,2,2,2,2,2,0,0.0,0,0,1,1,1,1,0
2263,6,25.0,0.0,26,0,97296,16216.0,16216,16216,2018,7,1,1,1,1,1,2277560,379593.3333333333,0,730680,3,1,2,3,1
2264,7,34.0,1.0,15,1,514927,73561.0,73561,73561,2015,5,2,4,4,4,4,3481020,497288.5714285714,0,1274250,1,1,1,1,0
2265,3,28.0,1.0,27,1,186729,62243.0,62243,62243,2019,8,3,3,3,3,3,0,0.0,0,0,1,1,1,1,0
2267,5,31.0,1.0,23,1,563610,112722.0,112722,112722,2019,2,1,4,4,4,4,731550,146310.0,0,731550,3,1,1,3,1
2268,10,44.0,0.0,24,0,912070,91207.0,91207,91207,2015,11,2,3,3,3,3,13882930,1388293.0,100150,7892390,4,1,4,4,0
2269,4,33.0,0.0,8,2,184172,46043.0,46043,46043,2020,4,3,3,3,3,3,0,0.0,0,0,1,1,1,1,1
2270,2,34.0,1.0,9,2,156328,78164.0,78164,78164,2020,8,3,3,3,3,3,232140,116070.0,0,232140,1,1,1,1,1
2271,5,38.0,0.0,2,0,279715,55943.0,55943,55943,2018,7,1,2,2,2,2,2669780,533956.0,0,1408680,2,1,2,2,0
2272,18,46.0,1.0,5,1,1635146,90841.44444444444,96185,87441,2019,2,2,3,2,2,2,34590730,1921707.2222222222,0,5276180,4,1,4,4,0
2273,3,32.0,0.0,25,2,200226,66742.0,66742,66742,2020,5,3,3,3,3,3,239880,79960.0,0,239880,2,1,2,1,0
2274,2,34.0,1.0,24,2,42308,21154.0,21154,21154,2018,11,1,1,1,1,1,116750,58375.0,0,116750,1,1,1,1,1
2276,5,33.0,0.0,29,2,274575,54915.0,54915,54915,2020,7,3,3,3,3,3,2433060,486612.0,0,1547100,2,2,2,2,0
2277,3,29.0,1.0,25,1,251874,83958.0,83958,83958,2020,9,3,3,3,3,3,0,0.0,0,0,1,1,1,1,0
2278,3,34.0,1.0,23,0,54873,18291.0,18291,18291,2018,7,1,1,1,1,1,1080540,360180.0,283500,447230,2,2,2,2,1
2279,1,27.0,1.0,19,2,83632,83632.0,83632,83632,2020,11,2,2,2,2,2,371110,371110.0,371110,371110,2,2,2,2,0
2281,1,31.0,0.0,13,2,51261,51261.0,51261,51261,2019,10,2,2,2,2,2,0,0.0,0,0,1,1,1,1,1
2282,2,31.0,1.0,5,2,135480,67740.0,67740,67740,2019,6,2,2,2,2,2,0,0.0,0,0,1,1,1,1,1
2283,18,37.0,0.0,19,0,1075752,59764.0,59764,59764,2017,11,1,2,2,2,2,18072890,1004049.4444444445,268990,3865240,4,2,4,4,0
2284,6,31.0,0.0,12,0,296826,49471.0,49471,49471,2014,8,2,3,3,3,3,1309000,218166.66666666666,0,462420,2,1,2,1,0
2285,4,39.0,1.0,28,0,160568,40142.0,40142,40142,2018,7,2,2,2,2,2,0,0.0,0,0,1,1,1,1,1
2286,6,34.0,1.0,29,1,185106,30851.0,30851,30851,2019,7,2,2,2,2,2,110000,18333.333333333332,0,110000,1,1,1,1,1
2287,9,34.0,1.0,28,2,518616,57624.0,57624,57624,2019,8,2,2,2,2,2,1384190,153798.88888888888,0,270920,2,1,1,1,1
2288,3,31.0,0.0,20,0,122280,40760.0,40760,40760,2018,12,1,1,1,1,1,202160,67386.66666666667,0,202160,1,1,1,1,1
2289,17,47.0,1.0,2,0,872763,51339.0,51339,51339,2018,1,1,2,2,2,2,9539510,561147.6470588235,0,2739590,3,1,2,2,0
2290,1,32.0,1.0,9,2,57541,57541.0,57541,57541,2020,11,2,2,2,2,2,0,0.0,0,0,1,1,1,1,0
2291,1,30.0,1.0,2,1,62204,62204.0,62204,62204,2018,2,1,2,2,2,2,0,0.0,0,0,1,1,1,1,1
2292,1,30.0,0.0,15,0,12895,12895.0,12895,12895,2018,6,1,1,1,1,1,0,0.0,0,0,1,1,1,1,1
2294,2,24.0,1.0,1,0,51102,25551.0,25551,25551,2019,9,1,1,1,1,1,0,0.0,0,0,1,1,1,1,0
2295,6,41.0,0.0,26,0,677604,112934.0,112934,112934,2019,11,3,3,3,3,3,291000,48500.0,0,291000,1,1,1,1,1
2296,4,25.0,0.0,11,0,59044,14761.0,14761,14761,2020,1,2,2,2,2,2,600000,150000.0,0,300000,1,1,1,1,0
2298,1,27.0,0.0,15,2,77301,77301.0,77301,77301,2020,12,3,3,3,3,3,0,0.0,0,0,1,1,1,1,0
2299,19,42.0,1.0,5,0,2468556,129924.0,129924,129924,2015,11,1,4,4,4,4,19808870,1042572.1052631579,139560,3104720,2,1,2,1,0
2300,2,34.0,1.0,6,0,161960,80980.0,80980,80980,2019,7,2,2,2,2,2,0,0.0,0,0,1,1,1,1,0
2302,6,36.0,0.0,14,1,129180,21530.0,21530,21530,2020,5,2,2,2,2,2,0,0.0,0,0,1,1,1,1,1
2303,7,35.0,0.0,1,1,721714,103102.0,103102,103102,2019,9,2,2,2,2,2,2353980,336282.85714285716,0,1224400,2,1,1,2,1
2304,3,28.0,0.0,15,2,103383,34461.0,34461,34461,2019,9,3,3,3,3,3,0,0.0,0,0,1,1,1,1,0
2306,9,31.0,1.0,27,1,363915,40435.0,40435,40435,2018,6,1,1,1,1,1,4714210,523801.1111111111,0,1314190,4,1,4,1,1
2307,2,25.0,1.0,29,0,152910,76455.0,76455,76455,2020,11,1,1,1,1,1,0,0.0,0,0,1,1,1,1,0
2308,21,47.0,0.0,21,0,1034880,49280.0,49280,49280,2018,5,1,2,2,2,2,12344870,587850.9523809524,-60730,3000000,4,2,3,4,0
2309,4,36.0,1.0,9,0,243928,60982.0,60982,60982,2019,5,2,2,2,2,2,0,0.0,0,0,1,1,1,1,0
2310,4,31.0,0.0,6,2,94264,23566.0,23566,23566,2019,11,1,1,1,1,1,0,0.0,0,0,1,1,1,1,1
2311,4,33.0,0.0,20,1,238348,59587.0,59587,59587,2020,9,2,2,2,2,2,359540,89885.0,0,209480,1,1,1,1,0
2313,1,32.0,1.0,18,1,21780,21780.0,21780,21780,2019,5,1,1,1,1,1,0,0.0,0,0,1,1,1,1,1
2314,16,30.0,0.0,12,1,1397616,87351.0,87351,87351,2013,10,2,4,4,4,4,23497630,1468601.875,0,3022350,4,2,2,3,0
2315,2,34.0,1.0,4,2,206120,103060.0,103060,103060,2019,10,3,3,3,3,3,0,0.0,0,0,1,1,1,1,1
2318,12,34.0,1.0,26,2,562212,46851.0,46851,46851,2019,12,2,2,2,2,2,8007680,667306.6666666666,0,2800000,4,1,4,4,0
2319,1,38.0,0.0,7,2,37900,37900.0,37900,37900,2018,5,2,2,2,2,2,0,0.0,0,0,1,1,1,1,1
2320,5,29.0,0.0,28,2,116670,23334.0,23334,23334,2020,1,1,1,1,1,1,399460,79892.0,0,244320,1,1,1,1,1
2321,1,33.0,0.0,2,1,49659,49659.0,49659,49659,2018,12,1,1,1,1,1,0,0.0,0,0,1,1,1,1,1
2322,6,31.0,1.0,12,0,229338,38223.0,38223,38223,2020,7,3,3,3,3,3,1886720,314453.3333333333,0,1200000,3,1,3,1,0
2323,3,25.0,1.0,23,0,56310,18770.0,18770,18770,2020,5,1,1,1,1,1,0,0.0,0,0,1,1,1,1,1
2324,1,34.0,0.0,19,2,41798,41798.0,41798,41798,2018,10,1,1,1,1,1,0,0.0,0,0,1,1,1,1,1
2326,7,33.0,1.0,25,0,499688,71384.0,71384,71384,2019,11,3,3,3,3,3,2751350,393050.0,0,2751350,2,1,1,2,0
2327,7,35.0,1.0,1,0,455280,65040.0,65040,65040,2019,10,1,1,1,1,1,1296110,185158.57142857142,0,644190,2,1,1,2,1
2329,5,33.0,1.0,10,0,179695,35939.0,35939,35939,2020,2,1,1,1,1,1,194050,38810.0,0,194050,1,1,1,1,1
2330,4,28.0,1.0,8,2,323272,80818.0,80818,80818,2020,7,2,2,2,2,2,0,0.0,-154360,154360,1,1,1,1,1
2331,5,23.0,1.0,2,1,271175,54235.0,54235,54235,2020,8,2,2,2,2,2,0,0.0,0,0,1,1,1,1,0
2332,6,24.0,1.0,4,0,203886,33981.0,33981,33981,2019,11,1,1,1,1,1,450250,75041.66666666667,0,341330,1,1,1,1,1
2333,4,41.0,0.0,7,0,239608,59902.0,59902,59902,2020,4,3,3,3,3,3,0,0.0,0,0,1,1,1,1,1
2334,10,30.0,1.0,8,1,355950,35595.0,35595,35595,2019,11,1,1,1,1,1,4613800,461380.0,0,1221090,3,2,3,3,0
2335,3,32.0,0.0,20,1,202470,67490.0,67490,67490,2019,6,2,2,2,2,2,0,0.0,0,0,1,1,1,1,1
2336,5,44.0,0.0,6,2,195270,39054.0,39054,39054,2019,6,1,1,1,1,1,155200,31040.0,0,155200,1,1,1,1,1
2338,2,30.0,0.0,27,2,55548,27774.0,27774,27774,2020,6,2,2,2,2,2,0,0.0,0,0,1,1,1,1,1
2339,2,34.0,0.0,10,2,79224,39612.0,39612,39612,2020,5,2,2,2,2,2,0,0.0,0,0,1,1,1,1,1
2340,1,33.0,0.0,28,2,56687,56687.0,56687,56687,2018,12,2,2,2,2,2,116400,116400.0,116400,116400,1,1,1,1,0
2342,8,33.0,1.0,9,1,376816,47102.0,47102,47102,2018,6,2,2,2,2,2,3700850,462606.25,201850,950000,3,1,3,2,1
2343,3,25.0,1.0,2,2,269682,89894.0,89894,89894,2020,9,2,2,2,2,2,0,0.0,0,0,1,1,1,1,0
2344,5,34.0,0.0,16,0,565985,113197.0,113197,113197,2020,6,3,3,3,3,3,4197030,839406.0,0,1740430,4,1,4,3,0
2345,4,25.0,0.0,27,2,524672,131168.0,131168,131168,2020,8,3,3,3,3,3,452970,113242.5,0,253060,2,1,2,1,0
2347,8,37.0,0.0,15,1,437560,54695.0,54695,54695,2020,4,3,3,3,3,3,3627320,453415.0,0,986670,3,1,1,2,0
2350,1,38.0,0.0,18,2,23545,23545.0,23545,23545,2018,11,1,1,1,1,1,0,0.0,0,0,1,1,1,1,1
2351,4,31.0,0.0,5,2,124496,31124.0,31124,31124,2019,10,1,1,1,1,1,0,0.0,0,0,1,1,1,1,1
2354,8,32.0,0.0,18,0,742776,92847.0,92847,92847,2017,2,2,3,3,3,3,3196070,399508.75,0,654550,2,1,2,2,1
2355,5,32.0,1.0,3,0,316575,63315.0,63315,63315,2018,9,2,2,2,2,2,1370640,274128.0,0,500000,3,1,1,1,1
2356,4,40.0,0.0,28,1,236388,59097.0,59097,59097,2020,1,2,2,2,2,2,600000,150000.0,0,400000,1,1,1,1,1
2357,12,34.0,1.0,4,1,292536,24378.0,24378,24378,2019,8,1,1,1,1,1,1081100,90091.66666666667,0,485180,2,1,1,1,0
2358,8,40.0,0.0,4,0,271208,33901.0,33901,33901,2018,5,1,1,1,1,1,2319860,289982.5,0,1015330,2,1,1,2,1
2360,1,24.0,1.0,15,1,93751,93751.0,93751,93751,2020,12,3,3,3,3,3,0,0.0,0,0,1,1,1,1,0
2361,5,34.0,1.0,3,0,148210,29642.0,29642,29642,2019,11,1,1,1,1,1,0,0.0,0,0,1,1,1,1,1
2362,12,43.0,1.0,26,0,679992,56666.0,56666,56666,2015,8,2,3,3,3,3,3226910,268909.1666666667,-590000,1390000,3,1,1,2,1
2363,1,32.0,1.0,13,2,43282,43282.0,43282,43282,2019,10,2,2,2,2,2,0,0.0,0,0,1,1,1,1,0
2364,4,38.0,0.0,11,2,526268,131567.0,131567,131567,2019,1,3,3,3,3,3,0,0.0,0,0,1,1,1,1,1
2365,18,43.0,1.0,13,0,1794042,99669.0,99669,99669,2015,8,1,4,4,4,4,43145740,2396985.5555555555,194250,6666260,4,2,2,4,0
2366,4,31.0,1.0,9,0,221104,55276.0,55276,55276,2020,2,2,2,2,2,2,444720,111180.0,0,444720,1,1,1,1,0
2367,3,49.0,1.0,25,0,168450,56150.0,56150,56150,2016,4,1,2,2,2,2,1021050,340350.0,0,1021050,2,1,1,2,1
2368,2,27.0,0.0,25,2,92794,46397.0,46397,46397,2020,3,2,2,2,2,2,0,0.0,0,0,1,1,1,1,1
2369,6,31.0,0.0,14,0,84678,14113.0,14113,14113,2020,3,1,1,1,1,1,1360550,226758.33333333334,0,1360550,3,1,1,3,0
2370,4,30.0,0.0,27,2,350840,87710.0,87710,87710,2020,7,3,3,3,3,3,0,0.0,0,0,1,1,1,1,1
2371,16,43.0,1.0,29,1,562128,35133.0,35133,35133,2016,1,1,2,2,2,2,10094890,630930.625,0,1826910,3,1,3,3,1
2372,4,35.0,0.0,24,2,268876,67219.0,67219,67219,2020,5,3,3,3,3,3,172480,43120.0,0,172480,1,1,1,1,1
2373,5,33.0,1.0,20,1,271070,54214.0,54214,54214,2018,12,2,2,2,2,2,1103230,220646.0,0,988670,1,1,1,1,1
2375,1,41.0,0.0,3,1,15189,15189.0,15189,15189,2018,5,1,1,1,1,1,0,0.0,0,0,1,1,1,1,1
2377,3,34.0,1.0,7,2,64038,21346.0,21346,21346,2016,4,1,1,1,1,1,328190,109396.66666666667,0,220290,1,1,1,1,1
2378,2,30.0,1.0,14,1,167832,83916.0,83916,83916,2020,9,3,3,3,3,3,0,0.0,0,0,1,1,1,1,0
2379,6,28.0,0.0,15,2,333276,55546.0,55546,55546,2020,4,3,3,3,3,3,1973220,328870.0,0,1347890,4,1,1,2,1
2380,3,27.0,1.0,6,1,410880,136960.0,136960,136960,2017,11,1,5,5,5,5,3130130,1043376.6666666666,0,2250000,2,1,2,2,1
2381,15,48.0,0.0,19,1,1156710,77114.0,77114,77114,2017,12,1,2,2,2,2,16489530,1099302.0,156150,3522700,4,2,2,3,0
2382,13,41.0,1.0,10,2,1011205,77785.0,77785,77785,2019,11,4,4,4,4,4,14263080,1097160.0,0,5250000,2,1,2,2,0
2384,3,36.0,1.0,25,2,131292,43764.0,43764,43764,2018,8,1,1,1,1,1,567680,189226.66666666666,0,466140,2,1,2,2,1
2385,5,40.0,1.0,17,2,286125,57225.0,57225,57225,2018,10,2,2,2,2,2,1160890,232178.0,0,869880,2,1,2,1,1
2386,9,27.0,0.0,21,0,438723,48747.0,48747,48747,2020,4,1,1,1,1,1,5303160,589240.0,0,1935530,4,1,4,4,0
2387,4,32.0,0.0,26,1,261192,65298.0,65298,65298,2017,6,1,2,2,2,2,613790,153447.5,-875750,907300,1,1,1,1,1
2388,4,28.0,1.0,9,0,59280,14820.0,14820,14820,2020,7,1,1,1,1,1,1039460,259865.0,0,440760,2,1,2,2,0
2390,19,46.0,0.0,28,0,904331,47596.36842105263,51383,46244,2018,5,1,2,1,1,1,16077800,846200.0,0,3757770,4,1,4,4,0
2391,5,29.0,0.0,26,0,201830,40366.0,40366,40366,2019,9,2,2,2,2,2,1380570,276114.0,0,543010,2,1,1,2,0
2392,5,32.0,1.0,29,2,217055,43411.0,43411,43411,2019,8,1,1,1,1,1,0,0.0,0,0,1,1,1,1,1
2393,3,30.0,1.0,27,0,261030,87010.0,87010,87010,2020,8,3,3,3,3,3,0,0.0,0,0,1,1,1,1,1
2394,9,43.0,0.0,24,2,689058,76562.0,76562,76562,2018,9,2,3,3,3,3,3665030,407225.55555555556,0,1508290,3,2,2,2,1
2395,2,36.0,0.0,20,1,159304,79652.0,79652,79652,2020,10,2,2,2,2,2,0,0.0,0,0,1,1,1,1,0
2396,5,34.0,0.0,26,2,268750,53750.0,53750,53750,2020,6,2,2,2,2,2,0,0.0,0,0,1,1,1,1,1
2397,1,38.0,1.0,8,0,47818,47818.0,47818,47818,2020,5,2,2,2,2,2,0,0.0,0,0,1,1,1,1,1
2398,17,38.0,0.0,10,2,1611753,94809.0,94809,94809,2019,6,2,4,4,4,4,13561340,797725.8823529412,0,2838630,2,1,2,2,0
2399,18,29.0,1.0,23,2,1211868,67326.0,67326,67326,2018,7,1,1,1,1,1,8775210,487511.6666666667,0,1320680,3,2,3,2,0
2400,10,35.0,0.0,18,2,536430,53643.0,53643,53643,2015,8,1,1,1,1,1,2354140,235414.0,0,850090,3,1,1,2,1
2402,6,29.0,0.0,27,2,174900,29150.0,29150,29150,2020,7,3,3,3,3,3,939200,156533.33333333334,0,500000,1,1,1,1,1
2403,7,35.0,0.0,25,0,447216,63888.0,63888,63888,2018,5,2,2,2,2,2,4251600,607371.4285714285,0,2036530,3,2,3,2,1
2404,5,25.0,0.0,17,1,118555,23711.0,23711,23711,2019,12,1,1,1,1,1,689960,137992.0,0,344990,1,1,1,1,0
2405,10,36.0,0.0,7,2,1677580,167758.0,167758,167758,2019,1,5,5,5,5,5,0,0.0,0,0,1,1,1,1,1
2406,4,33.0,1.0,18,0,124388,31097.0,31097,31097,2019,2,1,1,1,1,1,116420,29105.0,0,116420,1,1,1,1,1
2407,18,37.0,1.0,8,2,1221595,67866.38888888889,74945,67450,2018,10,1,2,1,1,1,25858230,1436568.3333333333,0,5820960,4,3,4,3,0
2408,11,42.0,0.0,4,0,1457555,132505.0,132505,132505,2016,5,1,4,4,4,4,18455240,1677749.0909090908,569230,4582090,3,1,1,3,1
2409,9,27.0,0.0,20,0,150084,16676.0,16676,16676,2018,5,1,1,1,1,1,1877880,208653.33333333334,-99940,989090,2,1,1,1,1
2410,4,38.0,0.0,20,0,453024,113256.0,113256,113256,2019,8,4,4,4,4,4,0,0.0,0,0,1,1,1,1,1
2411,2,34.0,1.0,25,2,126642,63321.0,63321,63321,2020,11,2,2,2,2,2,0,0.0,0,0,1,1,1,1,0
2412,2,35.0,1.0,14,1,155696,77848.0,77848,77848,2019,6,3,3,3,3,3,-134880,-67440.0,-134880,0,1,1,1,1,1
2413,19,44.0,1.0,6,2,2083388,109652.0,109652,109652,2015,11,1,3,3,3,3,8900000,468421.05263157893,0,1253800,3,1,2,3,1
2414,4,31.0,0.0,15,1,70592,17648.0,17648,17648,2020,5,1,1,1,1,1,0,0.0,0,0,1,1,1,1,1
2415,1,39.0,0.0,10,1,112317,112317.0,112317,112317,2019,11,3,3,3,3,3,348680,348680.0,348680,348680,1,1,1,1,1
2416,11,33.0,0.0,24,2,686180,62380.0,62380,62380,2018,5,2,2,2,2,2,1793110,163010.0,0,366420,2,1,2,1,1
2417,14,26.0,0.0,28,2,1034586,73899.0,73899,73899,2019,10,2,2,2,2,2,2423110,173079.2857142857,0,652470,2,1,1,2,0
2418,3,35.0,1.0,12,1,232839,77613.0,77613,77613,2020,9,3,3,3,3,3,0,0.0,0,0,1,1,1,1,0
2419,1,25.0,1.0,18,2,27993,27993.0,27993,27993,2018,11,1,1,1,1,1,100950,100950.0,100950,100950,1,1,1,1,0
2420,20,31.0,0.0,5,2,3390980,169549.0,169549,169549,2015,7,2,5,5,5,5,39159930,1957996.5,122450,9068650,4,1,4,3,0
2421,5,38.0,0.0,28,1,291375,58275.0,58275,58275,2016,1,1,1,1,1,1,1420770,284154.0,0,908620,2,1,2,2,1
2422,22,48.0,0.0,4,1,2453154,111507.0,111507,111507,2014,8,2,4,4,4,4,35401600,1609163.6363636365,-500000,5190000,4,2,2,2,0
2423,3,36.0,1.0,18,0,162177,54059.0,54059,54059,2020,8,3,3,3,3,3,1160900,386966.6666666667,0,1000100,2,1,2,1,0
2425,1,30.0,0.0,21,1,28890,28890.0,28890,28890,2020,7,3,3,3,3,3,0,0.0,0,0,1,1,1,1,1
2426,3,34.0,1.0,25,2,246927,82309.0,82309,82309,2020,9,2,2,2,2,2,1147570,382523.3333333333,0,801610,2,2,2,2,0
2427,1,33.0,1.0,15,2,40281,40281.0,40281,40281,2018,12,2,2,2,2,2,0,0.0,0,0,1,1,1,1,1
2428,1,36.0,0.0,17,2,39195,39195.0,39195,39195,2020,11,1,1,1,1,1,0,0.0,0,0,1,1,1,1,0
2429,3,27.0,0.0,21,0,36192,12064.0,12064,12064,2019,11,1,1,1,1,1,0,0.0,0,0,1,1,1,1,0
2430,4,27.0,0.0,27,0,233036,58259.0,58259,58259,2020,4,2,2,2,2,2,0,0.0,0,0,1,1,1,1,1
2431,1,37.0,1.0,17,0,46832,46832.0,46832,46832,2018,10,1,1,1,1,1,0,0.0,0,0,1,1,1,1,1
2432,6,53.0,1.0,1,1,337128,56188.0,56188,56188,2015,10,1,3,3,3,3,4006540,667756.6666666666,0,2178050,2,2,2,2,1
2433,2,30.0,0.0,29,2,74428,37214.0,37214,37214,2020,3,1,1,1,1,1,0,0.0,0,0,1,1,1,1,1
2435,2,29.0,1.0,13,0,26444,13222.0,13222,13222,2020,1,1,1,1,1,1,0,0.0,0,0,1,1,1,1,0
2436,6,33.0,0.0,4,2,603360,100560.0,100560,100560,2020,7,3,3,3,3,3,2077720,346286.6666666667,0,2077720,3,1,1,3,1
2438,2,31.0,1.0,18,1,48858,24429.0,24429,24429,2018,1,1,1,1,1,1,500000,250000.0,0,500000,2,2,2,2,1
2439,4,28.0,0.0,16,2,145492,36373.0,36373,36373,2020,7,2,2,2,2,2,0,0.0,-852000,852000,2,1,2,1,0
2440,2,35.0,0.0,9,2,103538,51769.0,51769,51769,2020,9,2,2,2,2,2,382830,191415.0,0,382830,2,1,1,2,0
2441,3,33.0,1.0,5,2,154851,51617.0,51617,51617,2019,9,2,2,2,2,2,0,0.0,0,0,1,1,1,1,1
2442,13,37.0,0.0,29,2,824512,63424.0,63424,63424,2019,10,3,3,3,3,3,3232040,248618.46153846153,-191040,1576780,2,1,2,1,1
2443,8,26.0,0.0,25,0,353352,44169.0,44169,44169,2017,11,1,2,2,2,2,1756240,219530.0,0,548200,2,1,1,2,1
2445,7,37.0,0.0,21,1,633444,90492.0,90492,90492,2018,6,3,3,3,3,3,1454400,207771.42857142858,0,800000,3,1,1,1,1
2446,4,30.0,1.0,29,0,236440,59110.0,59110,59110,2020,5,2,2,2,2,2,4621280,1155320.0,715950,1623370,4,4,4,4,0
2447,1,23.0,0.0,10,2,71138,71138.0,71138,71138,2020,7,2,2,2,2,2,0,0.0,0,0,1,1,1,1,0
2448,7,33.0,0.0,18,1,635138,90734.0,90734,90734,2019,5,3,3,3,3,3,1835260,262180.0,0,1017150,2,1,2,2,1
2449,4,37.0,1.0,22,0,72096,18024.0,18024,18024,2020,5,2,2,2,2,2,2516260,629065.0,154560,1000000,3,2,3,3,0
2451,11,24.0,0.0,21,0,258621,23511.0,23511,23511,2018,1,1,1,1,1,1,5419070,492642.7272727273,0,1976730,4,1,2,2,1
2453,13,40.0,1.0,12,1,1196403,92031.0,92031,92031,2019,11,3,3,3,3,3,6936460,533573.8461538461,0,1875670,2,1,2,2,0
2454,20,40.0,0.0,9,2,753280,37664.0,37664,37664,2016,1,1,1,1,1,1,14029400,701470.0,-242830,2467260,4,1,4,2,0
2455,14,25.0,0.0,28,1,1395674,99691.0,99691,99691,2017,6,1,4,4,4,4,16305930,1164709.2857142857,-2910060,7403200,4,1,1,1,1
2457,6,42.0,0.0,24,0,351462,58577.0,58577,58577,2018,9,2,2,2,2,2,1292210,215368.33333333334,0,355270,3,1,2,1,1
2458,3,38.0,0.0,21,1,100029,33343.0,33343,33343,2018,8,1,1,1,1,1,685180,228393.33333333334,0,585040,2,1,2,1,1
2459,3,32.0,1.0,9,2,257493,85831.0,85831,85831,2019,12,2,2,2,2,2,269890,89963.33333333333,0,157050,1,1,1,1,1
2460,5,26.0,1.0,12,2,180955,36191.0,36191,36191,2020,5,1,1,1,1,1,150000,30000.0,0,150000,1,1,1,1,1
2461,2,30.0,0.0,2,0,85102,42551.0,42551,42551,2019,12,2,2,2,2,2,0,0.0,0,0,1,1,1,1,0
2464,7,30.0,0.0,15,2,366597,52371.0,52371,52371,2020,5,1,1,1,1,1,2541690,363098.5714285714,0,746210,3,1,1,3,0
2465,3,34.0,0.0,20,0,57549,19183.0,19183,19183,2019,5,2,2,2,2,2,0,0.0,0,0,1,1,1,1,1
2467,4,29.0,1.0,1,0,252728,63182.0,63182,63182,2020,1,3,3,3,3,3,0,0.0,0,0,1,1,1,1,1
2468,1,33.0,0.0,14,1,99858,99858.0,99858,99858,2020,4,2,2,2,2,2,1806360,1806360.0,1806360,1806360,3,3,3,3,0
2469,2,31.0,1.0,24,2,90730,45365.0,45365,45365,2020,11,3,3,3,3,3,0,0.0,0,0,1,1,1,1,0
2470,17,32.0,0.0,27,1,947291,55723.0,55723,55723,2018,2,1,1,1,1,1,5716980,336292.9411764706,0,850070,4,1,4,4,1
2471,2,27.0,0.0,24,0,110688,55344.0,55344,55344,2020,4,2,2,2,2,2,0,0.0,0,0,1,1,1,1,1
2472,3,34.0,0.0,25,2,110046,36682.0,36682,36682,2018,10,1,1,1,1,1,131020,43673.333333333336,0,131020,1,1,1,1,0
2473,15,40.0,1.0,6,1,464505,30967.0,30967,30967,2019,6,1,1,1,1,1,5403370,360224.6666666667,0,950570,3,1,3,1,0
2474,1,34.0,0.0,10,1,44188,44188.0,44188,44188,2020,6,1,1,1,1,1,0,0.0,0,0,1,1,1,1,0
2475,6,35.0,0.0,12,2,597090,99515.0,99515,99515,2019,11,3,3,3,3,3,4653730,775621.6666666666,0,2750000,3,2,3,2,1
2476,5,34.0,0.0,19,1,446345,89269.0,89269,89269,2020,3,3,3,3,3,3,250000,50000.0,0,250000,1,1,1,1,1
2478,12,26.0,1.0,2,2,819528,68294.0,68294,68294,2018,6,1,1,1,1,1,3942240,328520.0,0,591450,3,1,2,2,1
2480,8,29.0,1.0,24,0,148304,18538.0,18538,18538,2019,11,1,1,1,1,1,2362490,295311.25,0,1247090,4,1,4,2,0
2481,4,45.0,1.0,2,2,176164,44041.0,44041,44041,2018,2,1,1,1,1,1,699470,174867.5,0,453050,2,1,2,1,0
2482,2,36.0,0.0,16,0,94502,47251.0,47251,47251,2020,4,3,3,3,3,3,0,0.0,0,0,1,1,1,1,1
2483,7,37.0,0.0,4,2,456939,65277.0,65277,65277,2020,4,2,2,2,2,2,4786710,683815.7142857143,0,1647560,4,2,2,3,0
2484,7,36.0,0.0,2,1,410382,58626.0,58626,58626,2019,10,3,3,3,3,3,502040,71720.0,0,350000,2,1,1,1,1
2485,12,41.0,0.0,13,2,619392,51616.0,51616,51616,2018,6,1,1,1,1,1,2101940,175161.66666666666,0,450010,3,1,3,3,1
2486,9,36.0,1.0,6,2,669240,74360.0,74360,74360,2019,12,2,2,2,2,2,11231750,1247972.2222222222,0,5112520,4,1,3,1,0
2487,18,37.0,1.0,29,2,2565774,142543.0,142543,142543,2013,10,1,4,4,4,4,25249810,1402767.2222222222,204640,5895140,3,2,3,2,0
2488,10,28.0,0.0,14,0,659580,65958.0,65958,65958,2018,7,1,2,2,2,2,17386610,1738661.0,0,10208070,4,1,4,4,1
2489,6,36.0,1.0,23,1,244650,40775.0,40775,40775,2017,2,1,1,1,1,1,985740,164290.0,0,680330,4,1,4,2,1
2490,5,25.0,1.0,25,1,145260,29052.0,29052,29052,2019,11,1,1,1,1,1,2172260,434452.0,0,1414310,3,1,3,1,1
2491,2,25.0,0.0,20,2,124484,62242.0,62242,62242,2019,12,2,2,2,2,2,0,0.0,0,0,1,1,1,1,1
2492,16,36.0,1.0,28,2,954304,59644.0,59644,59644,2017,11,1,2,2,2,2,14802560,925160.0,0,3508950,4,2,3,2,1
2493,14,51.0,1.0,19,2,560182,40013.0,40013,40013,2016,5,1,2,2,2,2,12708940,907781.4285714285,-12440,3468070,4,1,1,4,1
2494,19,47.0,0.0,27,0,926193,48747.0,48747,48747,2018,5,1,1,1,1,1,14541920,765364.2105263158,150570,5833110,4,3,4,3,0
2495,12,33.0,1.0,3,0,302736,25228.0,25228,25228,2018,11,1,1,1,1,1,3854040,321170.0,-400000,1018940,3,1,1,2,1
2496,8,23.0,0.0,28,2,305352,38169.0,38169,38169,2020,1,1,1,1,1,1,4515770,564471.25,0,1038800,4,1,1,4,0
2497,4,38.0,1.0,4,0,208368,52092.0,52092,52092,2020,6,3,3,3,3,3,664780,166195.0,0,331850,2,2,2,2,0
2498,5,30.0,0.0,22,0,75260,15052.0,15052,15052,2020,7,1,1,1,1,1,1622570,324514.0,0,534630,2,2,2,2,0
2499,3,27.0,0.0,17,1,226374,75458.0,75458,75458,2019,7,2,2,2,2,2,0,0.0,0,0,1,1,1,1,1
2500,3,32.0,0.0,8,1,199608,66536.0,66536,66536,2020,9,3,3,3,3,3,0,0.0,0,0,1,1,1,1,0
2501,5,31.0,1.0,7,0,151060,30212.0,30212,30212,2019,8,1,1,1,1,1,1100000,220000.0,0,500000,2,1,1,2,0
2502,5,31.0,1.0,20,0,455100,91020.0,91020,91020,2019,9,3,3,3,3,3,0,0.0,0,0,1,1,1,1,1
2503,2,35.0,1.0,13,0,143522,71761.0,71761,71761,2019,6,3,3,3,3,3,0,0.0,0,0,1,1,1,1,1
2504,5,32.0,1.0,20,2,351975,70395.0,70395,70395,2020,5,3,3,3,3,3,0,0.0,0,0,1,1,1,1,1
2505,22,42.0,0.0,12,1,1051798,47809.0,47809,47809,2018,8,1,1,1,1,1,23171060,1053230.0,0,6431650,4,2,3,4,0
2506,8,33.0,0.0,15,1,145384,18173.0,18173,18173,2019,11,1,1,1,1,1,899440,112430.0,0,298010,1,1,1,1,1
2507,3,26.0,0.0,23,2,178608,59536.0,59536,59536,2019,11,1,1,1,1,1,0,0.0,0,0,1,1,1,1,1
2508,5,37.0,0.0,11,2,321270,64254.0,64254,64254,2018,5,1,2,2,2,2,2547580,509516.0,0,1574850,2,1,1,1,1
2509,4,38.0,1.0,28,1,475092,118773.0,118773,118773,2020,6,3,3,3,3,3,1374790,343697.5,0,822390,2,1,1,2,1
2510,6,41.0,0.0,1,2,784512,130752.0,130752,130752,2014,5,2,4,4,4,4,1644890,274148.3333333333,-80000,898280,2,1,1,1,1
2511,6,23.0,1.0,6,1,263256,43876.0,43876,43876,2020,6,1,1,1,1,1,2636210,439368.3333333333,0,1230480,4,1,4,1,0
2513,7,28.0,0.0,10,0,879032,125576.0,125576,125576,2016,5,1,3,3,3,3,7323710,1046244.2857142857,201600,1935820,4,2,2,2,0
2514,3,31.0,0.0,16,2,99507,33169.0,33169,33169,2019,10,2,2,2,2,2,142320,47440.0,0,142320,1,1,1,1,1
2515,2,40.0,0.0,5,2,75334,37667.0,37667,37667,2020,11,2,2,2,2,2,0,0.0,0,0,1,1,1,1,0
2516,4,46.0,0.0,15,2,460608,115152.0,115152,115152,2019,6,4,4,4,4,4,1052540,263135.0,0,700000,1,1,1,1,1
2517,18,33.0,1.0,26,1,1498248,83236.0,83236,83236,2015,5,2,4,4,4,4,25930110,1440561.6666666667,0,6530520,3,1,3,2,0
2518,3,38.0,1.0,13,1,201147,67049.0,67049,67049,2013,10,1,3,3,3,3,1308180,436060.0,0,791030,1,1,1,1,1
2520,5,31.0,0.0,18,0,172780,34556.0,34556,34556,2015,8,2,2,2,2,2,1386740,277348.0,0,575610,2,1,2,1,1
2521,1,26.0,0.0,24,0,30558,30558.0,30558,30558,2020,12,1,1,1,1,1,0,0.0,0,0,1,1,1,1,0
2522,18,36.0,1.0,13,1,1621026,90057.0,90057,90057,2013,4,2,5,5,5,5,82335750,4574208.333333333,0,33747720,4,1,4,3,0
2525,5,23.0,1.0,16,0,91120,18224.0,18224,18224,2020,3,1,1,1,1,1,1875360,375072.0,0,732040,3,1,1,3,1
2527,10,25.0,0.0,5,0,162060,16206.0,16206,16206,2019,10,1,1,1,1,1,1250030,125003.0,0,1000000,2,1,2,1,1
2528,3,45.0,1.0,24,1,112563,37521.0,37521,37521,2018,12,2,2,2,2,2,200770,66923.33333333333,0,100620,1,1,1,1,1
2529,7,41.0,0.0,27,0,222712,31816.0,31816,31816,2019,7,1,1,1,1,1,751070,107295.71428571429,0,250000,2,1,1,1,1
2530,15,29.0,1.0,29,1,2061750,137450.0,137450,137450,2015,8,3,4,4,4,4,8154580,543638.6666666666,0,4304720,2,1,2,2,1
2532,4,39.0,0.0,20,2,360360,90090.0,90090,90090,2020,6,2,2,2,2,2,1892760,473190.0,0,1002460,2,2,2,2,1
2533,14,33.0,0.0,5,0,643902,45993.0,45993,45993,2019,9,1,1,1,1,1,7242600,517328.5714285714,0,1586320,3,1,3,3,0
2535,4,32.0,0.0,23,1,190712,47678.0,47678,47678,2019,11,1,1,1,1,1,393770,98442.5,0,393770,1,1,1,1,0
2536,3,39.0,1.0,13,2,116118,38706.0,38706,38706,2018,10,2,2,2,2,2,101840,33946.666666666664,0,101840,1,1,1,1,1
2537,4,36.0,1.0,20,0,301376,75344.0,75344,75344,2020,9,2,2,2,2,2,412310,103077.5,0,208780,1,1,1,1,0
2539,6,30.0,1.0,15,0,222234,37039.0,37039,37039,2019,1,2,2,2,2,2,1255430,209238.33333333334,0,575690,3,1,1,3,1
2540,3,34.0,0.0,19,0,44328,14776.0,14776,14776,2019,12,1,1,1,1,1,155280,51760.0,0,155280,1,1,1,1,0
2541,21,32.0,1.0,27,0,1435476,68356.0,68356,68356,2016,4,1,4,4,4,4,32186820,1532705.7142857143,0,8253490,4,1,2,4,0
2543,18,29.0,0.0,20,0,997994,55444.11111111111,59662,54239,2018,6,1,3,2,3,3,21030220,1168345.5555555555,0,3785570,4,2,3,3,0
2544,4,32.0,0.0,22,0,270668,67667.0,67667,67667,2019,7,2,2,2,2,2,0,0.0,0,0,1,1,1,1,1
2545,20,45.0,0.0,22,0,897680,44884.0,44884,44884,2018,5,1,2,2,2,2,9747380,487369.0,0,2802430,3,1,3,1,1
2546,21,36.0,0.0,10,2,1486254,70774.0,70774,70774,2018,8,2,2,2,2,2,20604740,981178.0952380953,0,3568340,4,1,1,3,0
2547,14,38.0,0.0,19,0,1083586,77399.0,77399,77399,2018,6,1,2,2,2,2,7826590,559042.1428571428,0,2000000,4,1,2,4,0
2549,5,31.0,1.0,17,0,172845,34569.0,34569,34569,2019,12,2,2,2,2,2,0,0.0,0,0,1,1,1,1,1
2550,1,35.0,0.0,14,1,78009,78009.0,78009,78009,2020,11,3,3,3,3,3,0,0.0,0,0,1,1,1,1,0
2551,18,41.0,0.0,23,1,1058382,58799.0,58799,58799,2018,5,1,1,1,1,1,9615740,534207.7777777778,0,1615160,4,2,2,2,0
2552,18,35.0,1.0,24,1,817452,45414.0,45414,45414,2018,12,1,1,1,1,1,7740280,430015.55555555556,0,1941510,4,2,2,3,0
2553,2,33.0,1.0,26,1,108038,54019.0,54019,54019,2020,8,3,3,3,3,3,231840,115920.0,0,231840,1,1,1,1,1
2554,2,38.0,0.0,14,0,46332,23166.0,23166,23166,2017,7,1,1,1,1,1,1371720,685860.0,0,1371720,3,3,3,3,1
2555,14,39.0,1.0,13,0,1625078,116077.0,116077,116077,2014,12,2,4,4,4,4,23715990,1693999.2857142857,156790,10812140,4,1,3,1,0
2556,5,25.0,0.0,7,2,320840,64168.0,64168,64168,2019,6,2,2,2,2,2,700000,140000.0,0,500000,2,1,2,1,1
2558,10,37.0,0.0,19,1,299620,29962.0,29962,29962,2018,5,1,1,1,1,1,3946390,394639.0,0,1017240,3,1,3,3,1
2560,10,30.0,0.0,22,2,473010,47301.0,47301,47301,2017,11,1,2,2,2,2,3441850,344185.0,0,907820,2,1,2,2,1
2561,20,43.0,1.0,24,2,1637080,81854.0,81854,81854,2015,5,1,3,3,3,3,23537360,1176868.0,0,4958200,4,2,4,3,0
2562,8,32.0,0.0,22,0,1028160,128520.0,128520,128520,2019,9,3,3,3,3,3,1090260,136282.5,0,491000,1,1,1,1,1
2563,11,39.0,0.0,20,0,592680,53880.0,53880,53880,2015,8,1,1,1,1,1,6292270,572024.5454545454,0,2016920,4,1,2,4,1
2565,3,29.0,0.0,15,0,249645,83215.0,83215,83215,2020,9,3,3,3,3,3,1476940,492313.3333333333,150870,747060,2,2,2,2,0
2566,5,24.0,0.0,18,1,321995,64399.0,64399,64399,2020,8,2,2,2,2,2,903300,180660.0,0,721420,2,1,1,2,0
2567,18,49.0,1.0,9,2,2287661,127092.27777777778,135231,123962,2018,6,1,4,3,4,3,20732410,1151800.5555555555,109370,2721780,4,2,2,4,0
2568,19,32.0,0.0,28,0,1582662,83298.0,83298,83298,2014,12,2,4,4,4,4,15439920,812627.3684210526,0,3139180,3,1,1,1,0
2569,8,27.0,1.0,10,2,454128,56766.0,56766,56766,2020,4,2,2,2,2,2,1420720,177590.0,0,484140,2,1,1,2,0
2570,1,23.0,0.0,9,2,26766,26766.0,26766,26766,2019,12,1,1,1,1,1,0,0.0,0,0,1,1,1,1,1
2571,1,34.0,0.0,27,1,71878,71878.0,71878,71878,2020,11,3,3,3,3,3,0,0.0,0,0,1,1,1,1,0
2572,15,46.0,1.0,5,0,989850,65990.0,65990,65990,2016,7,1,2,2,2,2,5316240,354416.0,0,1359990,2,1,1,2,0
2573,4,38.0,1.0,26,0,209284,52321.0,52321,52321,2020,7,1,1,1,1,1,166320,41580.0,0,166320,1,1,1,1,1
2574,2,23.0,0.0,8,0,84118,42059.0,42059,42059,2019,1,1,1,1,1,1,0,0.0,0,0,1,1,1,1,1
2576,17,30.0,0.0,25,1,1375419,80907.0,80907,80907,2015,8,2,2,2,2,2,11862580,697798.8235294118,145500,2770900,4,2,3,4,0
2577,3,28.0,0.0,13,1,150423,50141.0,50141,50141,2020,4,2,2,2,2,2,0,0.0,0,0,1,1,1,1,1
2578,2,25.0,1.0,3,2,74092,37046.0,37046,37046,2020,7,1,1,1,1,1,0,0.0,0,0,1,1,1,1,1
2579,3,46.0,0.0,23,1,150978,50326.0,50326,50326,2019,1,2,2,2,2,2,3507640,1169213.3333333333,0,3507640,3,1,1,3,1
2581,8,42.0,1.0,29,1,235696,29462.0,29462,29462,2019,7,1,1,1,1,1,2174410,271801.25,0,616880,2,1,1,2,0
2582,19,45.0,0.0,16,0,357181,18799.0,18799,18799,2015,8,1,1,1,1,1,10262580,540135.7894736842,0,2069380,3,2,2,3,0
2585,5,26.0,0.0,4,0,123380,24676.0,24676,24676,2020,5,2,2,2,2,2,0,0.0,0,0,1,1,1,1,1
2586,4,31.0,1.0,4,1,83932,20983.0,20983,20983,2018,10,1,1,1,1,1,1184840,296210.0,117020,454780,2,1,2,2,0
2587,4,35.0,0.0,7,2,215608,53902.0,53902,53902,2020,7,2,2,2,2,2,1211230,302807.5,0,1211230,3,1,1,1,0
2588,3,31.0,1.0,28,1,55407,18469.0,18469,18469,2020,2,1,1,1,1,1,0,0.0,0,0,1,1,1,1,1
2589,8,34.0,1.0,23,2,417776,52222.0,52222,52222,2019,6,1,1,1,1,1,1757040,219630.0,0,585710,2,1,1,1,1
2590,2,28.0,0.0,11,0,107108,53554.0,53554,53554,2020,5,2,2,2,2,2,0,0.0,0,0,1,1,1,1,0
2592,4,36.0,0.0,20,2,85456,21364.0,21364,21364,2018,6,1,1,1,1,1,250000,62500.0,0,250000,1,1,1,1,1
2593,17,35.0,0.0,3,0,1305685,76805.0,76805,76805,2016,4,1,3,3,3,3,14197400,835141.1764705882,0,2837820,3,1,3,3,0
2594,20,34.0,0.0,21,1,2631360,131568.0,131568,131568,2015,7,1,4,4,4,4,20556210,1027810.5,114960,3013160,2,2,2,2,0
2595,6,36.0,1.0,18,0,669600,111600.0,111600,111600,2015,11,2,4,4,4,4,3167280,527880.0,100390,934920,2,1,2,1,1
2596,10,33.0,0.0,20,2,690030,69003.0,69003,69003,2019,9,3,3,3,3,3,8313160,831316.0,0,1693640,4,1,3,2,0
2597,17,35.0,1.0,3,2,1449318,85254.0,85254,85254,2016,8,1,2,2,2,2,10003920,588465.8823529412,0,1311340,3,2,3,2,0
2598,3,36.0,1.0,20,2,308466,102822.0,102822,102822,2019,9,3,3,3,3,3,0,0.0,0,0,1,1,1,1,1
2599,5,26.0,0.0,7,1,165290,33058.0,33058,33058,2018,12,1,1,1,1,1,2367860,473572.0,0,1499000,3,2,3,2,1
2600,7,42.0,1.0,14,0,185220,26460.0,26460,26460,2015,5,2,2,2,2,2,3146070,449438.5714285714,0,2249010,3,1,3,3,1
2601,2,37.0,0.0,4,0,35132,17566.0,17566,17566,2019,6,1,1,1,1,1,0,0.0,0,0,1,1,1,1,1
2602,7,25.0,0.0,24,0,108374,15482.0,15482,15482,2019,1,1,1,1,1,1,1308570,186938.57142857142,0,523600,2,1,1,2,1
2603,4,37.0,1.0,5,2,200632,50158.0,50158,50158,2019,10,2,2,2,2,2,0,0.0,0,0,1,1,1,1,1
2604,3,39.0,1.0,2,2,332487,110829.0,110829,110829,2013,7,2,3,3,3,3,689590,229863.33333333334,0,364670,1,1,1,1,0
2605,2,41.0,0.0,8,1,198600,99300.0,99300,99300,2020,3,3,3,3,3,3,0,0.0,0,0,1,1,1,1,1
2606,1,24.0,0.0,8,0,21993,21993.0,21993,21993,2018,6,1,1,1,1,1,0,0.0,0,0,1,1,1,1,1
2607,4,40.0,0.0,17,1,86544,21636.0,21636,21636,2018,12,1,1,1,1,1,953760,238440.0,0,362540,2,1,2,2,1
2608,2,32.0,0.0,16,0,159594,79797.0,79797,79797,2020,6,1,1,1,1,1,143040,71520.0,0,143040,1,1,1,1,1
2609,3,23.0,1.0,15,2,139812,46604.0,46604,46604,2020,1,1,1,1,1,1,0,0.0,0,0,1,1,1,1,1
2610,5,36.0,1.0,4,2,376120,75224.0,75224,75224,2020,5,3,3,3,3,3,384000,76800.0,0,193200,1,1,1,1,0
2611,8,39.0,0.0,29,1,353232,44154.0,44154,44154,2020,3,1,1,1,1,1,2211790,276473.75,0,471120,2,2,2,2,0
2612,1,41.0,0.0,13,1,56478,56478.0,56478,56478,2019,6,3,3,3,3,3,0,0.0,0,0,1,1,1,1,1
2613,5,30.0,1.0,5,0,315020,63004.0,63004,63004,2019,10,3,3,3,3,3,0,0.0,0,0,1,1,1,1,1
2614,4,31.0,0.0,15,2,327168,81792.0,81792,81792,2018,6,2,2,2,2,2,-2120,-530.0,-5400,3280,1,1,1,1,1
2615,18,31.0,0.0,29,2,1780830,98935.0,98935,98935,2015,9,1,4,4,4,4,33053600,1836311.111111111,244350,6864920,4,2,3,2,0
2616,7,28.0,0.0,16,1,373240,53320.0,53320,53320,2019,9,1,1,1,1,1,791710,113101.42857142857,0,397700,2,1,1,1,1
2617,21,39.0,1.0,25,0,2186688,104128.0,104128,104128,2015,1,2,4,4,4,4,21773320,1036824.7619047619,0,4898150,2,1,2,2,0
2618,6,28.0,1.0,20,2,342984,57164.0,57164,57164,2020,5,2,2,2,2,2,142560,23760.0,0,142560,2,1,1,2,1
2620,4,35.0,1.0,20,1,155316,38829.0,38829,38829,2019,1,2,2,2,2,2,0,0.0,0,0,1,1,1,1,1
2623,6,42.0,1.0,9,1,410838,68473.0,68473,68473,2018,7,2,2,2,2,2,4074280,679046.6666666666,0,2324280,3,1,2,2,1
2624,10,33.0,1.0,12,1,879540,87954.0,87954,87954,2015,7,2,3,3,3,3,6887410,688741.0,0,1950000,4,2,3,2,1
2625,20,39.0,0.0,6,0,985056,49252.8,53377,48525,2015,8,1,3,2,2,3,16507390,825369.5,0,1505300,4,2,3,3,0
2626,7,27.0,0.0,2,1,210581,30083.0,30083,30083,2018,6,1,1,1,1,1,2153470,307638.5714285714,0,1499900,3,1,2,1,1
2628,4,28.0,0.0,5,2,115796,28949.0,28949,28949,2017,11,1,1,1,1,1,167020,41755.0,0,167020,1,1,1,1,1
2629,3,25.0,1.0,21,0,42102,14034.0,14034,14034,2020,4,1,1,1,1,1,0,0.0,0,0,1,1,1,1,0
2630,15,39.0,0.0,26,2,852120,56808.0,56808,56808,2015,7,1,2,2,2,2,6843600,456240.0,0,1656620,3,1,2,3,1
2632,7,26.0,0.0,7,2,439012,62716.0,62716,62716,2018,7,2,2,2,2,2,8490390,1212912.857142857,0,2446550,4,1,4,1,1
2633,10,32.0,1.0,18,2,1263570,126357.0,126357,126357,2019,11,3,3,3,3,3,5642600,564260.0,0,1225060,3,1,1,3,0
2634,3,25.0,0.0,11,0,196521,65507.0,65507,65507,2019,9,2,2,2,2,2,0,0.0,0,0,1,1,1,1,0
2635,1,35.0,0.0,20,0,66890,66890.0,66890,66890,2020,11,2,2,2,2,2,0,0.0,0,0,1,1,1,1,0
2637,3,41.0,0.0,15,0,59172,19724.0,19724,19724,2017,9,1,1,1,1,1,1464860,488286.6666666667,127400,859110,2,2,2,2,0
2639,9,30.0,1.0,12,0,834867,92763.0,92763,92763,2020,2,3,3,3,3,3,21060010,2340001.111111111,0,7500000,4,1,4,4,0
2640,2,31.0,1.0,29,1,161576,80788.0,80788,80788,2020,9,2,2,2,2,2,0,0.0,0,0,1,1,1,1,0
2641,4,36.0,1.0,17,1,99940,24985.0,24985,24985,2020,6,1,1,1,1,1,0,0.0,0,0,1,1,1,1,1
2642,4,30.0,0.0,8,0,77788,19447.0,19447,19447,2018,9,1,1,1,1,1,4090390,1022597.5,0,4090390,4,1,1,4,1
2643,1,28.0,0.0,5,0,17044,17044.0,17044,17044,2018,6,2,2,2,2,2,0,0.0,0,0,1,1,1,1,1
2644,5,44.0,0.0,8,0,311770,62354.0,62354,62354,2017,8,1,2,2,2,2,2045140,409028.0,0,1222390,2,2,2,2,1
2645,3,32.0,1.0,26,1,208797,69599.0,69599,69599,2020,9,3,3,3,3,3,553250,184416.66666666666,0,301920,1,1,1,1,0
2646,4,31.0,0.0,3,2,416628,104157.0,104157,104157,2020,7,3,3,3,3,3,332040,83010.0,0,332040,1,1,1,1,0
2647,1,36.0,0.0,12,0,55601,55601.0,55601,55601,2018,12,2,2,2,2,2,0,0.0,0,0,1,1,1,1,1
2648,9,47.0,0.0,5,1,342423,38047.0,38047,38047,2019,6,1,1,1,1,1,3599420,399935.55555555556,0,1712550,4,1,2,1,1
2649,10,40.0,0.0,7,2,690980,69098.0,69098,69098,2016,7,2,2,2,2,2,5186510,518651.0,0,1150030,3,1,3,3,1
2650,7,48.0,0.0,22,0,271516,38788.0,38788,38788,2018,9,1,1,1,1,1,4489440,641348.5714285715,0,1615340,3,2,3,3,0
2651,11,34.0,0.0,11,2,685212,62292.0,62292,62292,2019,6,2,2,2,2,2,3281590,298326.36363636365,0,1314040,2,1,2,2,1
2653,2,32.0,1.0,15,0,80432,40216.0,40216,40216,2020,8,2,2,2,2,2,0,0.0,0,0,1,1,1,1,1
2654,3,30.0,0.0,19,0,195276,65092.0,65092,65092,2020,9,3,3,3,3,3,0,0.0,0,0,1,1,1,1,0
2655,6,35.0,0.0,10,2,143730,23955.0,23955,23955,2020,2,1,1,1,1,1,325210,54201.666666666664,0,174730,1,1,1,1,1
2656,1,34.0,1.0,6,1,77739,77739.0,77739,77739,2020,4,2,2,2,2,2,0,0.0,0,0,1,1,1,1,1
2659,2,34.0,1.0,6,0,47282,23641.0,23641,23641,2019,9,2,2,2,2,2,0,0.0,0,0,1,1,1,1,1
2660,21,29.0,0.0,13,2,1023687,48747.0,48747,48747,2013,9,1,3,3,3,3,20539050,978050.0,0,5272650,3,2,3,3,0
2661,13,34.0,1.0,3,1,884481,68037.0,68037,68037,2016,1,1,2,2,2,2,9669790,743830.0,0,4039050,4,1,1,4,1
2663,1,31.0,0.0,7,1,26716,26716.0,26716,26716,2018,10,1,1,1,1,1,0,0.0,0,0,1,1,1,1,1
2664,3,37.0,1.0,22,1,65727,21909.0,21909,21909,2020,6,2,2,2,2,2,120180,40060.0,0,120180,2,1,2,1,0
2665,1,36.0,1.0,17,2,22719,22719.0,22719,22719,2018,10,1,1,1,1,1,0,0.0,0,0,1,1,1,1,1
2667,14,41.0,0.0,1,1,1449952,103568.0,103568,103568,2013,10,2,4,4,4,4,9437800,674128.5714285715,0,4121650,2,1,1,2,0
2668,19,35.0,0.0,16,0,2130128,112112.0,112112,112112,2014,12,2,4,4,4,4,24555160,1292376.8421052631,0,3560000,4,1,2,3,0
2670,21,33.0,1.0,24,1,804846,38326.0,38326,38326,2018,12,1,1,1,1,1,10221970,486760.4761904762,0,2475030,4,2,2,3,0
2671,1,35.0,1.0,24,1,114637,114637.0,114637,114637,2020,5,3,3,3,3,3,0,0.0,0,0,1,1,1,1,1
2672,2,37.0,1.0,18,2,113242,56621.0,56621,56621,2020,8,3,3,3,3,3,852850,426425.0,0,852850,2,1,2,1,0
2674,6,28.0,1.0,11,1,387660,64610.0,64610,64610,2017,3,1,2,2,2,2,552950,92158.33333333333,0,452740,1,1,1,1,0
2675,6,29.0,0.0,7,1,411000,68500.0,68500,68500,2020,6,2,2,2,2,2,2357400,392900.0,0,1281960,3,2,2,2,1
2676,3,34.0,0.0,13,2,121824,40608.0,40608,40608,2019,10,1,1,1,1,1,0,0.0,0,0,1,1,1,1,1
2678,2,37.0,1.0,1,1,103336,51668.0,51668,51668,2020,11,3,3,3,3,3,151150,75575.0,0,151150,1,1,1,1,0
2680,2,28.0,0.0,9,1,123340,61670.0,61670,61670,2020,7,2,2,2,2,2,202770,101385.0,0,202770,1,1,1,1,0
2682,9,43.0,0.0,6,0,921105,102345.0,102345,102345,2019,7,4,4,4,4,4,2700000,300000.0,0,800000,2,1,1,1,1
2683,2,48.0,1.0,6,1,162110,81055.0,81055,81055,2018,11,1,1,1,1,1,595650,297825.0,0,595650,2,1,2,1,1
2684,19,37.0,0.0,21,1,478534,25186.0,25186,25186,2016,4,1,1,1,1,1,9552680,502772.63157894736,0,1919890,4,1,2,2,0
2685,5,41.0,1.0,1,1,509920,101984.0,101984,101984,2019,8,4,4,4,4,4,710000,142000.0,0,410000,1,1,1,1,0
2686,5,26.0,0.0,27,2,401970,80394.0,80394,80394,2020,8,3,3,3,3,3,1518990,303798.0,0,984910,2,2,2,2,0
2687,9,25.0,0.0,25,2,393777,43753.0,43753,43753,2017,7,1,2,2,2,2,2109480,234386.66666666666,0,634580,3,1,1,3,1
2690,17,26.0,0.0,11,2,1343552,79032.4705882353,85428,77662,2018,7,1,3,2,2,2,18165200,1068541.1764705882,0,2921900,4,1,4,4,0
2691,6,31.0,1.0,16,0,128670,21445.0,21445,21445,2018,6,3,3,3,3,3,2805970,467661.6666666667,0,1300000,2,1,2,1,1
2692,7,30.0,0.0,29,1,456092,65156.0,65156,65156,2020,1,2,2,2,2,2,2318270,331181.4285714286,0,1273110,2,1,2,1,1
2693,11,25.0,0.0,7,0,644281,58571.0,58571,58571,2018,5,1,1,1,1,1,2004660,182241.81818181818,0,584600,2,1,2,2,1
2694,8,38.0,1.0,20,2,558208,69776.0,69776,69776,2020,2,2,2,2,2,2,995920,124490.0,-478080,478080,2,1,2,1,1
2695,1,35.0,0.0,15,0,77535,77535.0,77535,77535,2020,5,3,3,3,3,3,0,0.0,0,0,1,1,1,1,1
2696,5,37.0,1.0,23,1,499535,99907.0,99907,99907,2016,8,2,4,4,4,4,2546330,509266.0,0,947560,1,1,1,1,1
2697,4,29.0,0.0,20,0,211648,52912.0,52912,52912,2019,11,1,1,1,1,1,0,0.0,0,0,1,1,1,1,1
2698,3,26.0,0.0,21,1,176676,58892.0,58892,58892,2020,3,2,2,2,2,2,0,0.0,0,0,1,1,1,1,1
2699,4,39.0,0.0,29,0,370688,92672.0,92672,92672,2020,6,4,4,4,4,4,12079550,3019887.5,180730,8195380,4,2,4,2,0
2700,2,33.0,0.0,25,0,100612,50306.0,50306,50306,2019,7,2,2,2,2,2,0,0.0,0,0,1,1,1,1,1
2701,2,25.0,0.0,14,1,128562,64281.0,64281,64281,2019,7,1,1,1,1,1,0,0.0,0,0,1,1,1,1,0
2702,3,34.0,0.0,20,0,167535,55845.0,55845,55845,2020,4,3,3,3,3,3,0,0.0,0,0,1,1,1,1,1
2703,3,38.0,0.0,16,0,82716,27572.0,27572,27572,2019,11,2,2,2,2,2,200000,66666.66666666667,0,200000,1,1,1,1,1
2704,2,33.0,0.0,12,1,58884,29442.0,29442,29442,2019,12,2,2,2,2,2,0,0.0,0,0,1,1,1,1,1
2705,4,36.0,0.0,24,1,239264,59816.0,59816,59816,2020,7,3,3,3,3,3,2031660,507915.0,253140,690000,2,2,2,2,0
2706,12,38.0,0.0,16,0,917556,76463.0,76463,76463,2019,10,3,3,3,3,3,8598920,716576.6666666666,0,2596800,3,2,2,3,0
2707,3,25.0,0.0,24,0,38580,12860.0,12860,12860,2020,3,2,2,2,2,2,0,0.0,0,0,1,1,1,1,1
2708,12,26.0,1.0,3,2,453408,37784.0,37784,37784,2019,10,1,1,1,1,1,4591580,382631.6666666667,0,1370970,3,1,3,2,0
2709,3,31.0,1.0,17,2,113820,37940.0,37940,37940,2019,8,2,2,2,2,2,0,0.0,0,0,1,1,1,1,0
2711,2,38.0,1.0,17,0,78808,39404.0,39404,39404,2020,8,3,3,3,3,3,0,0.0,0,0,1,1,1,1,0
2712,6,31.0,1.0,7,0,604332,100722.0,100722,100722,2019,8,4,4,4,4,4,390500,65083.333333333336,0,253000,1,1,1,1,1
2713,3,32.0,1.0,9,2,70746,23582.0,23582,23582,2019,6,2,2,2,2,2,300000,100000.0,0,300000,1,1,1,1,1
2714,17,41.0,0.0,3,0,1427473,83969.0,83969,83969,2015,10,2,3,3,3,3,14920660,877685.8823529412,0,2950000,4,2,4,3,0
2715,4,30.0,1.0,28,0,227228,56807.0,56807,56807,2020,6,3,3,3,3,3,843750,210937.5,0,434170,2,1,2,1,0
2716,14,32.0,1.0,29,1,542416,38744.0,38744,38744,2019,6,1,1,1,1,1,4168880,297777.14285714284,-101490,800000,3,1,2,3,1
2718,4,35.0,1.0,20,2,246276,61569.0,61569,61569,2019,11,1,1,1,1,1,304650,76162.5,0,304650,1,1,1,1,1
2719,11,30.0,0.0,7,1,303974,27634.0,27634,27634,2019,5,1,1,1,1,1,1811510,164682.72727272726,0,558000,2,1,1,2,1
2720,2,43.0,1.0,6,0,28750,14375.0,14375,14375,2018,10,1,1,1,1,1,243140,121570.0,103130,140010,1,1,1,1,1
2721,9,39.0,0.0,7,0,451512,50168.0,50168,50168,2019,1,2,2,2,2,2,2216480,246275.55555555556,0,1554580,2,1,2,1,0
2722,3,34.0,0.0,18,0,233334,77778.0,77778,77778,2020,10,2,2,2,2,2,450180,150060.0,0,450180,1,1,1,1,0
2723,4,43.0,1.0,1,2,189212,47303.0,47303,47303,2020,3,1,1,1,1,1,0,0.0,0,0,1,1,1,1,1
2724,4,38.0,1.0,27,2,151776,37944.0,37944,37944,2019,5,1,1,1,1,1,650750,162687.5,0,650750,4,1,2,2,0
2725,14,35.0,0.0,15,1,1029532,73538.0,73538,73538,2013,10,2,3,3,3,3,10129310,723522.1428571428,0,2150510,4,1,2,4,0
2726,3,25.0,0.0,28,2,137025,45675.0,45675,45675,2018,9,1,1,1,1,1,394000,131333.33333333334,0,200000,1,1,1,1,1
2727,17,32.0,1.0,4,2,613445,36085.0,36085,36085,2014,10,2,3,3,3,3,11839940,696467.0588235294,0,2778820,4,1,1,1,0
2728,10,27.0,1.0,19,2,283180,28318.0,28318,28318,2020,3,1,1,1,1,1,5302040,530204.0,-1704230,1166100,4,1,1,4,0
2729,11,35.0,0.0,10,0,1180014,107274.0,107274,107274,2019,8,4,4,4,4,4,11489930,1044539.0909090909,-223820,4925750,3,1,2,3,0
2730,13,32.0,1.0,16,2,909012,69924.0,69924,69924,2019,7,2,2,2,2,2,8773130,674856.1538461539,0,1936160,4,1,2,3,0
2731,17,44.0,1.0,22,2,473076,27828.0,27828,27828,2018,5,1,2,2,2,2,7883540,463737.64705882355,0,3205220,4,1,2,2,0
2732,12,33.0,1.0,12,0,641760,53480.0,53480,53480,2016,6,1,3,3,3,3,4211260,350938.3333333333,0,900000,2,1,2,2,1
2733,4,29.0,0.0,10,2,226636,56659.0,56659,56659,2020,9,2,2,2,2,2,0,0.0,0,0,1,1,1,1,1
2734,2,38.0,1.0,10,1,98330,49165.0,49165,49165,2019,5,1,1,1,1,1,0,0.0,0,0,1,1,1,1,1
2735,7,32.0,0.0,16,1,133259,19037.0,19037,19037,2018,12,1,1,1,1,1,350210,50030.0,0,350210,1,1,1,1,1
2736,2,27.0,1.0,23,2,137914,68957.0,68957,68957,2019,7,1,1,1,1,1,0,0.0,0,0,1,1,1,1,1
2737,1,27.0,1.0,8,1,41730,41730.0,41730,41730,2018,7,1,1,1,1,1,0,0.0,0,0,1,1,1,1,1
2738,8,24.0,0.0,17,0,184544,23068.0,23068,23068,2018,9,1,1,1,1,1,3809610,476201.25,101240,995610,3,1,3,3,1
2739,2,34.0,0.0,9,1,64216,32108.0,32108,32108,2018,12,2,2,2,2,2,0,0.0,0,0,1,1,1,1,1
2740,20,47.0,0.0,22,2,711960,35598.0,35598,35598,2015,7,1,2,2,2,2,17111180,855559.0,128880,2380670,4,3,3,3,0
2742,6,29.0,0.0,1,1,133302,22217.0,22217,22217,2019,7,1,1,1,1,1,1681210,280201.6666666667,0,511190,3,1,2,2,0
2744,5,42.0,1.0,15,0,644530,128906.0,128906,128906,2018,7,5,5,5,5,5,116940,23388.0,0,116940,1,1,1,1,1
2745,5,33.0,0.0,26,1,233670,46734.0,46734,46734,2020,3,3,3,3,3,3,0,0.0,0,0,1,1,1,1,1
2746,3,32.0,1.0,8,0,108852,36284.0,36284,36284,2020,5,2,2,2,2,2,0,0.0,0,0,1,1,1,1,1
2749,1,27.0,0.0,28,1,66132,66132.0,66132,66132,2018,10,1,1,1,1,1,0,0.0,0,0,1,1,1,1,1
2751,5,31.0,0.0,17,2,265575,53115.0,53115,53115,2015,11,1,1,1,1,1,2815900,563180.0,101610,1341590,3,1,3,3,0
2752,5,29.0,0.0,20,1,334725,66945.0,66945,66945,2020,8,2,2,2,2,2,1038200,207640.0,0,404400,2,2,2,2,0
2753,19,40.0,1.0,11,1,2749794,144726.0,144726,144726,2013,7,1,5,5,5,5,42282650,2225402.6315789474,0,9632860,4,1,3,1,0
2754,18,30.0,0.0,6,2,1124316,62462.0,62462,62462,2019,6,1,1,1,1,1,4940590,274477.22222222225,0,765490,3,1,2,2,0
2755,2,36.0,0.0,11,1,156890,78445.0,78445,78445,2020,5,3,3,3,3,3,0,0.0,0,0,1,1,1,1,1
2757,8,37.0,0.0,24,2,454784,56848.0,56848,56848,2020,1,2,2,2,2,2,1354530,169316.25,0,552310,2,1,2,1,1
2758,5,33.0,0.0,26,1,345705,69141.0,69141,69141,2019,11,2,2,2,2,2,590220,118044.0,-606530,946750,1,1,1,1,1
2759,5,29.0,0.0,17,1,411300,82260.0,82260,82260,2018,8,2,2,2,2,2,2943540,588708.0,0,1578970,3,1,3,1,1
2760,3,31.0,1.0,20,0,154413,51471.0,51471,51471,2019,10,3,3,3,3,3,0,0.0,0,0,1,1,1,1,1
2761,2,28.0,0.0,20,2,263610,131805.0,131805,131805,2020,7,3,3,3,3,3,0,0.0,0,0,1,1,1,1,0
2762,4,40.0,0.0,1,1,210728,52682.0,52682,52682,2018,5,2,2,2,2,2,4063950,1015987.5,0,3086590,3,1,3,3,1
2763,7,38.0,1.0,5,0,537292,76756.0,76756,76756,2020,4,3,3,3,3,3,2871980,410282.85714285716,0,998000,2,2,2,2,0
2764,2,30.0,1.0,25,0,84398,42199.0,42199,42199,2020,9,2,2,2,2,2,309180,154590.0,0,309180,1,1,1,1,0
2765,2,26.0,0.0,18,1,77618,38809.0,38809,38809,2018,10,1,1,1,1,1,0,0.0,0,0,1,1,1,1,1
2766,21,37.0,1.0,21,1,1129653,53793.0,53793,53793,2013,11,2,3,3,3,3,20830840,991944.7619047619,150260,5781910,4,1,1,3,1
2768,3,30.0,1.0,1,2,240414,80138.0,80138,80138,2016,5,1,2,2,2,2,720680,240226.66666666666,101620,465610,2,1,1,2,0
2770,1,32.0,0.0,26,0,49295,49295.0,49295,49295,2020,11,3,3,3,3,3,0,0.0,0,0,1,1,1,1,0
2771,22,41.0,0.0,12,0,2012032,91456.0,91456,91456,2015,8,2,4,4,4,4,17457000,793500.0,0,2795530,3,1,2,2,0
2772,4,23.0,1.0,26,0,206680,51670.0,51670,51670,2017,6,1,2,2,2,2,1784850,446212.5,0,1039050,2,1,1,2,1
2773,6,36.0,0.0,19,0,213642,35607.0,35607,35607,2019,6,1,1,1,1,1,363400,60566.666666666664,0,363400,2,1,1,1,1
2774,7,41.0,0.0,15,1,296191,42313.0,42313,42313,2018,7,1,1,1,1,1,4284010,612001.4285714285,0,2335840,4,1,4,2,1
2775,3,27.0,0.0,9,0,255336,85112.0,85112,85112,2020,10,3,3,3,3,3,0,0.0,0,0,1,1,1,1,0
2776,4,27.0,1.0,27,1,217588,54397.0,54397,54397,2019,1,2,2,2,2,2,0,0.0,0,0,1,1,1,1,1
2778,1,35.0,0.0,13,2,50180,50180.0,50180,50180,2020,11,2,2,2,2,2,0,0.0,0,0,1,1,1,1,0
2779,1,28.0,0.0,26,0,95133,95133.0,95133,95133,2020,1,3,3,3,3,3,0,0.0,0,0,1,1,1,1,0
2781,7,25.0,0.0,23,2,328664,46952.0,46952,46952,2020,2,2,2,2,2,2,4716690,673812.8571428572,151180,1820160,4,1,1,3,0
2782,4,26.0,0.0,19,1,118328,29582.0,29582,29582,2019,5,1,1,1,1,1,0,0.0,0,0,1,1,1,1,1
2784,18,34.0,0.0,24,0,1490670,82815.0,82815,82815,2015,10,2,3,3,3,3,16632300,924016.6666666666,0,4495040,4,1,3,3,0
2785,2,34.0,1.0,9,0,24210,12105.0,12105,12105,2020,8,1,1,1,1,1,0,0.0,0,0,1,1,1,1,1
2786,7,45.0,0.0,19,0,247590,35370.0,35370,35370,2018,7,2,2,2,2,2,2382850,340407.14285714284,0,970380,2,1,1,1,1
2787,5,28.0,1.0,20,2,347490,69498.0,69498,69498,2018,7,1,1,1,1,1,727830,145566.0,0,408090,2,1,2,2,1
2788,5,30.0,0.0,27,2,351270,70254.0,70254,70254,2020,6,2,2,2,2,2,1886760,377352.0,0,740280,3,2,3,2,0
